<?xml version="1.0" encoding="UTF-8"?>
<TEI
    xmlns="http://www.tei-c.org/ns/1.0"
    xmlns:xsi="http://www.w3.org/2001/XMLSchema-instance" 
xsi:schemaLocation="http://www.tei-c.org/ns/1.0 /opt/1.6.1.6.1.2/schemas/xsd/Grobid.xsd"
    xmlns:xlink="http://www.w3.org/1999/xlink">
    <teiHeader xml:lang="en">
        <encodingDesc>
            <appInfo>
                <application version="0.4.1" ident="GROBID" when="2018-03-27T11:33+0000">
                    <ref target="https://github.com/kermitt2/grobid">GROBID - A machine learning software for extracting information from scholarly documents</ref>
                </application>
            </appInfo>
        </encodingDesc>
        <fileDesc>
            <titleStmt>
                <title level="a" type="main">Trajectories of return to work among people on sick leave with mood or anxiety disorders: secondary analysis from a randomized controlled trial</title>
            </titleStmt>
            <publicationStmt>
                <publisher/>
                <availability status="unknown">
                    <licence/>
                </availability>
            </publicationStmt>
            <sourceDesc>
                <biblStruct>
                    <analytic>
                        <author role="corresp" sequence="1">
                            <persName>
                                <forename type="first">Lone</forename>
                                <surname>Hellström</surname>
                            </persName>
                            <contact>
                                <email>lone.hellstroem@regionh.dk</email>
                                <phone>+4523836038</phone>
                            </contact>
                            <affiliation key="aff1">
                                <orgName type="department">Mental Health Centre Copenhagen</orgName>
                                <orgName type="institution">Copenhagen University Hospital</orgName>
                                <address>
                                    <addrLine>Kildegårdsvej 28</addrLine>
                                    <postCode>2900</postCode>
                                    <settlement>Hellerup</settlement>
                                    <country key="DK">Denmark</country>
                                </address>
                            </affiliation>
							<affiliation key="aff4">
                                <orgName type="department">Research Unit, Mental Health Centre Copenhagen</orgName>
								<orgName type="institution">Copenhagen University Hospital</orgName>
                                <address>
                                    <addrLine>Kildegårdsvej 28</addrLine>
                                    <postCode>DK-2900</postCode>
                                    <settlement>Hellerup</settlement>
                                    <country key="DK">Denmark</country>
                                </address>
                            </affiliation>
                        </author>
                        <author>
                            <persName>
                                <forename type="first">Trine</forename>
                                <surname>Madsen</surname>
                            </persName>
                            <affiliation key="aff1">
                                <orgName type="department">Mental Health Centre Copenhagen</orgName>
                                <orgName type="institution">Copenhagen University Hospital</orgName>
                                <address>
                                    <addrLine>Kildegårdsvej 28</addrLine>
                                    <postCode>2900</postCode>
                                    <settlement>Hellerup</settlement>
                                    <country key="DK">Denmark</country>
                                </address>
                            </affiliation>
                        </author>
                        <author>
                            <persName>
                                <forename type="first">Merete</forename>
                                <surname>Nordentoft</surname>
                            </persName>
                            <affiliation key="aff1">
                                <orgName type="department">Mental Health Centre Copenhagen</orgName>
                                <orgName type="institution">Copenhagen University Hospital</orgName>
                                <address>
                                    <addrLine>Kildegårdsvej 28</addrLine>
                                    <postCode>2900</postCode>
                                    <settlement>Hellerup</settlement>
                                    <country key="DK">Denmark</country>
                                </address>
                            </affiliation>
                        </author>
                        <author>
                            <persName>
                                <forename type="first">Per</forename>
                                <surname>Bech</surname>
                            </persName>
                            <affiliation key="aff2">
                                <orgName type="department" key="dep1">Psychiatric Research Unit</orgName>
                                <orgName type="department" key="dep2">Mental Health Centre North Zealand</orgName>
								<orgName type="institution">University of Copenhagen</orgName>
                                <address>
                                    <addrLine>Dyrehavevej 48</addrLine>
                                    <postCode>3400</postCode>
                                    <settlement>Hillerød</settlement>
									<country key="DK">Denmark</country>
                                </address>
                            </affiliation>
                        </author>
                        <author>
                            <persName>
                                <forename type="first">Lene</forename>
                                <forename type="middle">Falgaard</forename>
                                <surname>Eplov</surname>
                            </persName>
                            <affiliation key="aff1">
                                <orgName type="department">Mental Health Centre Copenhagen</orgName>
                                <orgName type="institution">Copenhagen University Hospital</orgName>
                                <address>
                                    <addrLine>Kildegårdsvej 28</addrLine>
                                    <postCode>2900</postCode>
                                    <settlement>Hellerup</settlement>
                                    <country key="DK">Denmark</country>
                                </address>
                            </affiliation>
                        </author>
                        <author>
                        </author>
                        <title level="a" type="main">Trajectories of return to work among people on sick leave with mood or anxiety disorders: secondary analysis from a randomized controlled trial</title>
                    </analytic>
                    <monogr>
                        <imprint>
                            <date/>
                        </imprint>
                    </monogr>
                    <note>Corresponding author: Manuscript: 4006 words Abstract: 241 words</note>
                </biblStruct>
            </sourceDesc>
        </fileDesc>
        <profileDesc>
            <abstract>
                <p>Purpose: The return to work (RTW) of people with mood and anxiety disorders is a heterogeneous process. We aimed to identify prototypical trajectories of RTW over a two-year period in people on sick leave with mood and anxiety disorders, and investigate if socio-demographic or clinical factors predicted trajectory membership. Methods: We used data from the randomized IPS-MA trial (n=283), evaluating a supported employment intervention for participants with recently diagnosed mood or anxiety disorders. Information on &quot; weeks in employment in the past six months &quot; was measured after ½, 1, 1 ½ and 2 years, using data from a nationwide Danish register (DREAM). Latent growth mixture modelling analysis was carried out to identify trajectories of RTW and logistic regression analyses were used to estimate predictors for trajectory membership. Results: Four trajectory classes of RTW were identified; non-RTW (70% (196/283)) (practically no return to work); delayed-RTW (19% (56/283)) (six months delay before full RTW); rapid-unstable</p>
            </abstract>
        </profileDesc>
    </teiHeader>
    <text xml:lang="en"></text>
</TEI>