<?xml version="1.0" encoding="UTF-8"?>
<TEI
    xmlns="http://www.tei-c.org/ns/1.0"
    xmlns:xsi="http://www.w3.org/2001/XMLSchema-instance" 
xsi:schemaLocation="http://www.tei-c.org/ns/1.0 /opt/1.6.1.6.1.2/schemas/xsd/Grobid.xsd"
    xmlns:xlink="http://www.w3.org/1999/xlink">
    <teiHeader xml:lang="en">
        <encodingDesc>
            <appInfo>
                <application version="0.4.1" ident="GROBID" when="2018-04-03T08:14+0000">
                    <ref target="https://github.com/kermitt2/grobid">GROBID - A machine learning software for extracting information from scholarly documents</ref>
                </application>
            </appInfo>
        </encodingDesc>
        <fileDesc>
            <titleStmt>
                <title level="a" type="main">Suppression of wheat TaCDK8/TaWIN1 interaction negatively affects germination of Blumeria graminis f.sp. tritici by interfering with very-long-chain aldehyde biosynthesis</title>
            </titleStmt>
            <publicationStmt>
                <publisher/>
                <availability status="unknown">
                    <licence/>
                </availability>
            </publicationStmt>
            <sourceDesc>
                <biblStruct>
                    <analytic>
                        <author>
                            <persName>
                                <forename type="first">Lingyao</forename>
                                <surname>Kong</surname>
                            </persName>
                            <affiliation key="aff1">
                                <orgName type="department">College of Life Sciences</orgName>
                                <orgName type="institution">Qingdao University</orgName>
                                <address>
                                    <postCode>266071</postCode>
                                    <settlement>Qingdao</settlement>
                                    <country key="CN">China</country>
                                </address>
                            </affiliation>
                        </author>
                        <author role="corresp" sequence="1">
                            <persName>
                                <forename type="first">Cheng</forename>
                                <surname>Chang</surname>
                                <prefix>Dr.</prefix>
                            </persName>
							<contact>
							    <email>cc@qdu.edu.cn</email> 
							    <phone>86-532-85953710</phone>
                            </contact>
                            <affiliation key="aff1">
                                <orgName type="department">College of Life Sciences</orgName>
                                <orgName type="institution">Qingdao University</orgName>
                                <address>
                                    <postCode>266071</postCode>
                                    <settlement>Qingdao</settlement>
                                    <country key="CN">China</country>
                                </address>
                            </affiliation>
							<affiliation key="aff2">
                                <orgName type="department">College of Life Sciences</orgName>
                                <orgName type="institution">Qingdao University</orgName>
                                <address>
                                    <postCode>266071</postCode>
                                    <settlement>Qingdao</settlement>
                                    <country key="CN">China</country>
                                </address>
                            </affiliation>
                        </author>
                        <title level="a" type="main">Suppression of wheat TaCDK8/TaWIN1 interaction negatively affects germination of Blumeria graminis f.sp. tritici by interfering with very-long-chain aldehyde biosynthesis</title>
                    </analytic>
                    <monogr>
                        <imprint>
                            <date/>
                        </imprint>
                    </monogr>
                    <note>*Corresponding authors:</note>
                </biblStruct>
            </sourceDesc>
        </fileDesc>
        <profileDesc>
            <textClass>
                <keywords>
                    <term>Blumeria graminis fsp tritici, wheat, cyclin-dependent kinase, wax inducer 1 transcription factor, very-long-chain aldehyde Abbreviations Bgt, Blumeria graminis fsp tritici</term>
                    <term>CDK8, cyclin-dependent kinase8</term>
                    <term>WIN1, wax inducer 1</term>
                    <term>VLCFA, very long chain fatty acid</term>
                    <term>qRT-PCR, quantitative reverse transcription-polymerase chain reaction</term>
                    <term>hpi, hours post inoculation</term>
                    <term>BSMV, barley stripe mosaic virus</term>
                    <term>BSMV-VIGS, barley stripe mosaic virus-induced gene silencing</term>
                    <term>GC-MS, gas chromatography-mass spectrometry</term>
                    <term>EMSA, electrophoretic mobility shift assay</term>
                    <term>LUC, luciferase</term>
                    <term>Y2H, yeast two hybrid</term>
                    <term>LCI, luciferase complementation imaging</term>
                    <term>co-IP, co-immunoprecipitation</term>
                    <term>GST, glutathione S-transferase</term>
                    <term>MBP, myelin basic protein</term>
                    <term>HA, hemagglutinin</term>
                    <term>Introduction</term>
                </keywords>
            </textClass>
            <abstract>
                <p>Key Message Wheat TaCDK8 interacts with TaWIN1 to regulate very-long-chain aldehyde biosynthesis required for efficient germination of Blumeria graminis f.sp. tritici. Abstract Powdery mildew caused by Blumeria graminis f.sp. tritici (Bgt) is a devastating disease of common wheat (Triticum aestivum L.). Bgt infection initiates with its conidia germination on the aerial surface of wheat. In this study, we isolated the cyclin-dependent kinase 8 (TaCDK8) from wheat cultivar Jing411 and found that silencing of TaCDK8 impeded Bgt germination. The biochemical and molecular-biological assays revealed that TaCDK8 interacts with and phosphorylates the wheat transcription factor wax inducer 1 (TaWIN1) to stimulate the TaWIN1-dependent transcription. Bgt conidia on the leaves of TaWIN1-silenced plants also showed reduced germination. Gas chromatographic analysis revealed that knockdown of TaCDK8 or TaWIN1 resulted in decreases of wax components and cutin monomers in wheat leaves. Moreover, Bgt germination on leaves of TaCDK8 or TaWIN1 silenced plants could be fully restored by application of wild-type cuticular wax. In vitro studies demonstrated that very-long-chain aldehydes absent from the cuticular wax of the TaCDK8 or TaWIN1 silenced plants were capable of chemically stimulating Bgt germination. These results implicated that the suppression of TaCDK8/TaWIN1 interaction negatively affects Bgt germination by interfering with very-long-chain aldehyde biosynthesis required for efficient fungal germination.</p>
            </abstract>
        </profileDesc>
    </teiHeader>
    <text xml:lang="en"></text>
</TEI>

