<?xml version="1.0" encoding="UTF-8"?>
<TEI
    xmlns="http://www.tei-c.org/ns/1.0"
    xmlns:xsi="http://www.w3.org/2001/XMLSchema-instance" 
xsi:schemaLocation="http://www.tei-c.org/ns/1.0 /opt/1.6.1.6.1.2/schemas/xsd/Grobid.xsd"
    xmlns:xlink="http://www.w3.org/1999/xlink">
    <teiHeader xml:lang="en">
        <encodingDesc>
            <appInfo>
                <application version="0.4.1" ident="GROBID" when="2018-03-28T04:35+0000">
                    <ref target="https://github.com/kermitt2/grobid">GROBID - A machine learning software for extracting information from scholarly documents</ref>
                </application>
            </appInfo>
        </encodingDesc>
        <fileDesc>
            <titleStmt>
                <title level="a" type="main">The Effect of Cholesterol on the Dielectric Structure of Lipid Bilayers</title>
            </titleStmt>
            <publicationStmt>
                <publisher/>
                <availability status="unknown">
                    <licence/>
                </availability>
            </publicationStmt>
            <sourceDesc>
                <biblStruct>
                    <analytic>
                        <author role="corresp" sequence="1">
                            <persName>
                                <forename type="first">Hadeel</forename>
                                <surname>Alobeedallah</surname>
                            </persName>
						<contact>
                            <email>haal5646@uni.sydney.edu.au</email>
							<phone>+ 61 410255655</phone>
                        </contact>
                            <affiliation key="aff1">
                                <orgName type="department">School of Chemical and Biomolecular Engineering</orgName>
                                <orgName type="institution">The University of Sydney</orgName>
                                <address>
                                    <postCode>2006</postCode>
                                    <settlement>Sydney</settlement>
                                    <country key="AU">Australia</country>
                                </address>
                            </affiliation>
                        </author>
                        <author>
                            <persName>
                                <forename type="first">Bruce</forename>
                                <surname>Cornell</surname>
                            </persName>
                            <affiliation key="aff2">
                                <orgName type="institution">SDx Tethered Membranes Pty Ltd</orgName>
                                <address>
									<addrLine>Roseville</addrLine>
                                    <postCode>2069</postCode>
                                    <settlement>Sydney</settlement>                                    
                                    <country key="AU">Australia</country>
                                </address>
                            </affiliation>
                        </author>
                        <author>
                            <persName>
                                <forename type="first">Hans</forename>
                                <surname>Coster</surname>
                            </persName>
                            <affiliation key="aff1">
                                <orgName type="department">School of Chemical and Biomolecular Engineering</orgName>
                                <orgName type="institution">The University of Sydney</orgName>
                                <address>
                                    <postCode>2006</postCode>
                                    <settlement>Sydney</settlement>
                                    <country key="AU">Australia</country>
                                </address>
                            </affiliation>
                        </author>
                        <title level="a" type="main">The Effect of Cholesterol on the Dielectric Structure of Lipid Bilayers</title>
                    </analytic>
                    <monogr>
                        <imprint>
                            <date/>
                        </imprint>
                    </monogr>
                    <note>Corresponding author: Corresponding author Corresponding author</note>
                </biblStruct>
            </sourceDesc>
        </fileDesc>
        <profileDesc>
            <abstract/>
        </profileDesc>
    </teiHeader>
    <text xml:lang="en"></text>
</TEI>
