<?xml version="1.0" encoding="UTF-8"?>
<TEI
    xmlns="http://www.tei-c.org/ns/1.0"
    xmlns:xsi="http://www.w3.org/2001/XMLSchema-instance" 
xsi:schemaLocation="http://www.tei-c.org/ns/1.0 /opt/1.6.1.6.1.2/schemas/xsd/Grobid.xsd"
    xmlns:xlink="http://www.w3.org/1999/xlink">
    <teiHeader xml:lang="en">
        <encodingDesc>
            <appInfo>
                <application version="0.4.1" ident="GROBID" when="2018-03-22T11:23+0000">
                    <ref target="https://github.com/kermitt2/grobid">GROBID - A machine learning software for extracting information from scholarly documents</ref>
                </application>
            </appInfo>
        </encodingDesc>
        <fileDesc>
            <titleStmt>
                <title level="a" type="main">We Have Arrived to the Time When the Bottom is Starting to Fill Up!</title>
            </titleStmt>
            <publicationStmt>
                <publisher/>
                <availability status="unknown">
                    <licence/>
                </availability>
            </publicationStmt>
            <sourceDesc>
                <biblStruct>
                    <analytic>
                        <author>
                            <persName>
                                <forename type="first">Maria</forename>
                                <forename type="middle">A.</forename>
                                <surname>Croyle</surname>
                                <authordegree>R. Ph., PhD.</authordegree>
                            </persName>
                            <contact>
                                <email>macroyle@austin.utexas.edu</email>
                            </contact>
                            <affiliation key="aff1">
                                <orgName type="department">Division of Molecular Pharmaceutics and Drug Delivery</orgName>
                                <orgName type="institution">University of Texas at Austin College of Pharmacy</orgName>
                                <address>
                                    <postCode>78712</postCode>
                                    <settlement>Austin</settlement>
                                    <region>Texas</region>
                                    <country key="US">United States</country>
                                </address>
                            </affiliation>
                        </author>
                        <title level="a" type="main">We Have Arrived to the Time When the Bottom is Starting to Fill Up!</title>
                    </analytic>
                    <monogr>
                        <imprint>
                            <date/>
                        </imprint>
                    </monogr>
                </biblStruct>
            </sourceDesc>
        </fileDesc>
        <profileDesc>
            <abstract/>
        </profileDesc>
    </teiHeader>
    <text xml:lang="en"></text>
</TEI>