<?xml version="1.0" encoding="UTF-8" standalone="no"?><TEI xmlns="http://www.tei-c.org/ns/1.0" xmlns:xlink="http://www.w3.org/1999/xlink" xmlns:xsi="http://www.w3.org/2001/XMLSchema-instance" xsi:schemaLocation="http://www.tei-c.org/ns/1.0 /opt/grobid-home/schemas/xsd/Grobid.xsd">
    <teiHeader xml:lang="en">
        <encodingDesc>
            <appInfo>
                <application ident="GROBID" version="0.4.1" when="2018-10-26T09:02+0000">
                    <ref target="https://github.com/kermitt2/grobid">GROBID - A machine learning software for extracting information from scholarly documents</ref>
                </application>
            </appInfo>
        </encodingDesc>
        <fileDesc>
            <titleStmt>
                <title level="a" type="main">Ethics and Confidentiality for Psychologists in Academic Health Centers</title>
            </titleStmt>
            <publicationStmt>
                <publisher/>
                <availability status="unknown">
                    <licence/>
                </availability>
            </publicationStmt>
            <sourceDesc>
                <biblStruct>
                    <analytic>
                        <author>
                            <persName>
                                <forename type="first">Kathleen</forename>
                                <surname>Ashton</surname>
                                <authordegree>Ph. D., ABPP-CHP</authordegree>
                            </persName>
                            <contact>
                                <email>ashtonk@ccf.org</email>
                            </contact>
                            <affiliation key="aff1">
                                <orgName key="instit1" type="institution">Cleveland Clinic Lerner College of Medicine</orgName>
                                <orgName key="instit2" type="institution">Cleveland Clinic Breast Center</orgName>
                                <orgName key="instit3" type="institution">Digestive Disease Institute</orgName>
                                <address>
                                    <addrLine>9500 Euclid Avenue/A80</addrLine>
                                    <postCode>44195</postCode>
                                    <settlement>Cleveland</settlement>
                                    <region>OH</region>
                                    <country key="US">United States of America</country>
                                </address>
                            </affiliation>
                            <affiliation key="aff3">
                                <orgName type="institution">Cleveland Clinic Breast Center</orgName>
                                <address>
                                    <postCode>44195</postCode>
                                    <settlement>Cleveland</settlement>
                                    <region>OH</region>
                                </address>
                            </affiliation>
                        </author>
                        <author>
                            <persName>
                                <forename type="first">Amy</forename>
                                <surname>Sullivan</surname>
                                <authordegree>Psy. D., ABPP-CHP</authordegree>
                            </persName>
                            <affiliation key="aff2">
                                <orgName key="instit1" type="institution">Cleveland Clinic Lerner College of Medicine</orgName>
                                <orgName key="instit2" type="institution">Cleveland Clinic Mellen Center</orgName>
                                <address>
                                    <addrLine>9500 Euclid Avenue/U</addrLine>
                                    <postCode>44195</postCode>
                                    <settlement>Cleveland</settlement>
                                    <region>OH</region>
                                    <country key="US">United States of America</country>
                                </address>
                            </affiliation>
                        </author>
                        <title level="a" type="main">Ethics and Confidentiality for Psychologists in Academic Health Centers</title>
                    </analytic>
                    <monogr>
                        <imprint>
                            <date/>
                        </imprint>
                    </monogr>
                    <note>Author Note: The authors do not have any disclosures or conflicts of interests to state. The cases used in this article are fictional composites to protect confidentiality. Contact:</note>
                </biblStruct>
            </sourceDesc>
        </fileDesc>
        <profileDesc>
            <textClass>
                <keywords>
                    <term>Ethics</term>
                    <term>Integrated Care</term>
                    <term>Confidentiality</term>
                    <term>Electronic Health Records</term>
                    <term>Supervision</term>
                </keywords>
            </textClass>
            <abstract>
                <p>Psychologists in academic health centers (AHC) face important ethical issues including confidentiality when working with a multidisciplinary team, sharing of information through the electronic health record, obtaining informed consent in a fast-paced healthcare environment, cultural competency in the medical setting, and issues related to supervision and training. The goal of this paper is to describe ethical issues for psychologists in AHCs in the context of case examples, and to consider ethical decision making tools to enhance clinical care. Considerations for best practices in integrated care settings will be discussed, and the APA Ethical Standards will be referenced throughout. Ethics and Confidentiality for Psychologists in Academic Health Centers Psychologists are increasingly being integrated into healthcare settings, such as primary care, specialty medicine, and academic health centers (AHCs). The integrated care setting has unique components, including working with professionals from a variety of disciplines in a fast-paced environment. Communication is often through an electronic health record (EHR), and referrals may be made on the spot in a " warm hand-off " or as a routinely embedded member of the care team. In addition, psychologists in AHCs may see patients from a wide variety of cultures and socioeconomic statuses. Finally, AHC psychologists are likely to be involved in training with medical students, psychology interns/fellows, or resident programs. There are many different models of integrated care practice in different AHCs, and ethical issues will vary among these different settings. However, maintaining one's identity as a psychologist and adherence to the American Psychological Association (APA) Ethical Principles of Psychologists and Code of Conduct (hereafter referred to as the Ethics Code; APA 2010) is important regardless of the healthcare setting. Issues that may arise in such a setting include confidentiality when working with a multidisciplinary team, sharing of information through the electronic health record, obtaining informed consent in a fast-paced healthcare environment, cultural competency in the medical setting, competence, dual relationships, and issues related to supervision and training. Case Examples and Best Practices</p>
            </abstract>
        </profileDesc>
    </teiHeader>
    <text xml:lang="en"/>
</TEI>