<?xml version="1.0" encoding="UTF-8" standalone="no"?><TEI xmlns="http://www.tei-c.org/ns/1.0" xmlns:xlink="http://www.w3.org/1999/xlink" xmlns:xsi="http://www.w3.org/2001/XMLSchema-instance" xsi:schemaLocation="http://www.tei-c.org/ns/1.0 /opt/grobid-home/schemas/xsd/Grobid.xsd">
    <teiHeader xml:lang="en">
        <encodingDesc>
            <appInfo>
                <application ident="GROBID" version="0.4.1" when="2018-10-26T09:03+0000">
                    <ref target="https://github.com/kermitt2/grobid">GROBID - A machine learning software for extracting information from scholarly documents</ref>
                </application>
            </appInfo>
        </encodingDesc>
        <fileDesc>
            <titleStmt>
                <title level="a" type="main">Title Page Title: Differences by Sexual Orientation in Perceptions of Neighborhood Cohesion: Implications for Health Differences by Sexual Orientation in Perceptions of Neighborhood Cohesion: Implications for Health</title>
            </titleStmt>
            <publicationStmt>
                <publisher/>
                <availability status="unknown">
                    <licence/>
                </availability>
            </publicationStmt>
            <sourceDesc>
                <biblStruct>
                    <analytic>
                        <author>
                            <persName>
                                <forename type="first">Carrie</forename>
                                <surname>Henning-Smith</surname>
                                <authordegree>PhD, MPH, MSW</authordegree>
                            </persName>
                            <contact>
                                <email>henn0329@umn.edu</email>
                            </contact>
                            <affiliation key="aff1">
                                <orgName type="department">Division of Health Policy and Management</orgName>
                                <orgName type="institution">University of Minnesota School of Public Health</orgName>
                                <address>
                                    <addrLine>2221 University Ave., SE Suite 350</addrLine>
                                    <postCode>55414</postCode>
                                    <settlement>Minneapolis</settlement>
                                    <region>MN</region>
                                </address>
                            </affiliation>
                        </author>
                        <author>
                            <persName>
                                <forename type="first">Gilbert</forename>
                                <surname>Gonzales</surname>
                                <authordegree>PhD, MHA</authordegree>
                            </persName>
                            <contact>
                                <email>gilbert.gonzales@vanderbilt.edu</email>
                            </contact>
                            <affiliation key="aff2" role="corresp" sequence="1">
                                <orgName type="department">Department of Health Policy</orgName>
                                <orgName type="institution">Vanderbilt University School of Medicine</orgName>
                                <address>
                                    <addrLine>2525 West End Ave</addrLine>
                                    <postCode>37203</postCode>
                                    <settlement>Nashville</settlement>
                                    <region>TN</region>
                                </address>
                            </affiliation>
                        </author>
                        <miscellaneous>
                            <phone>Phone: 612-626-4512 Fax: 612-624-2196</phone>
                        </miscellaneous>
                        <title level="a" type="main">Title Page Title: Differences by Sexual Orientation in Perceptions of Neighborhood Cohesion: Implications for Health Differences by Sexual Orientation in Perceptions of Neighborhood Cohesion: Implications for Health</title>
                    </analytic>
                    <monogr>
                        <imprint>
                            <date/>
                        </imprint>
                    </monogr>
                    <note>(Corresponding author) Running Head: Neighborhood cohesion by sexual orientation Funding Sources, Disclosures, and Acknowledgements The authors have no funding or conflicts of interest to disclose.</note>
                </biblStruct>
            </sourceDesc>
        </fileDesc>
        <profileDesc>
            <textClass>
                <keywords>
                    <term>Neighborhood cohesion</term>
                    <term>sexual orientation</term>
                    <term>health</term>
                    <term>well-being</term>
                    <term>National Health Interview Survey Introduction</term>
                </keywords>
            </textClass>
            <abstract>
                <p>A large body of research documents the relationship between health and place, including the positive association between neighborhood cohesion and health. However, very little research has examined neighborhood cohesion by sexual orientation. This paper addresses that gap by examining differences in perceived neighborhood cohesion by sexual orientation. We use data from the 2016 National Health Interview Survey (n=28,164 respondents aged 18 years and older) to examine bivariate differences by sexual orientation in four measures of neighborhood cohesion. We then use ordered logistic regression models to assess the relationship between sexual orientation and a scaled measure of neighborhood cohesion, adjusting for socio-demographic characteristics, living arrangements, health status, region, and neighborhood tenure. We find that lesbian, gay and bisexual (LGB) adults are less likely to say that they live in a close-knit neighborhood (54.6 vs. 65.6%, p&lt;0.001), they can count on their neighbors (74.7 vs. 83.1%, p&lt;0.001), they trust their neighbors (75.5 vs. 83.7%, p&lt;0.001), or people in their neighborhood help each other out (72.9 vs. 83.1%, p&lt;0.001), compared to heterosexual adults. Even after controlling for socio-demographic factors, neighborhood cohesion scores are lower for LGB adults compared to heterosexual adults (odds ratio of better perceived neighborhood cohesion for sexual minorities: 0.70, p&lt;0.001). Overall, LGB adults report worse neighborhood cohesion across multiple measures, even after adjusting for individual characteristics and neighborhood tenure. Because living in a cohesive neighborhood is associated with better health outcomes, future research, community-level initiatives, and public policy efforts should focus on creating welcoming neighborhood environments for sexual minorities. A large body of research documents the strong relationship between health and place, including neighborhood-level determinants of health (e.g., crime, liquor store density, environmental hazards, and food deserts). Neighborhood environments and one's feelings about their connectedness to one's own neighborhood are also associated with health outcomes, including mental health, stroke risks, health behaviors (e.g., smoking and alcohol consumption), health services use, and physical activity [1–8]. In particular, neighborhood cohesion facilitates trust among neighborhood residents, social networks that provide emotional and informational supports, and the sharing of health information and health care resources [9].</p>
            </abstract>
        </profileDesc>
    </teiHeader>
    <text xml:lang="en"/>
</TEI>