<?xml version="1.0" encoding="UTF-8" standalone="no"?><TEI xmlns="http://www.tei-c.org/ns/1.0" xmlns:xlink="http://www.w3.org/1999/xlink" xmlns:xsi="http://www.w3.org/2001/XMLSchema-instance" xsi:schemaLocation="http://www.tei-c.org/ns/1.0 /opt/grobid-home/schemas/xsd/Grobid.xsd">
    <teiHeader xml:lang="en">
        <encodingDesc>
            <appInfo>
                <application ident="GROBID" version="0.4.1" when="2018-10-26T09:07+0000">
                    <ref target="https://github.com/kermitt2/grobid">GROBID - A machine learning software for extracting information from scholarly documents</ref>
                </application>
            </appInfo>
        </encodingDesc>
        <fileDesc>
            <titleStmt>
                <title level="a" type="main">The Effects of Nitrogen on structure, morphology and electrical resistance of Tantalum by ion implantation method</title>
            </titleStmt>
            <publicationStmt>
                <publisher/>
                <availability status="unknown">
                    <licence/>
                </availability>
            </publicationStmt>
            <sourceDesc>
                <biblStruct>
                    <analytic>
                        <author>
                            <persName>
                                <forename type="first">Amir</forename>
                                <forename type="middle">Hoshang</forename>
                                <surname>Ramezani</surname>
                            </persName>
                            <affiliation key="aff1">
                                <orgName key="dep1" type="department">Department of Physics</orgName>
                                <orgName key="dep2" type="department">West Tehran Branch</orgName>
                                <orgName type="institution">Islamic Azad University</orgName>
                                <address>
                                    <settlement>Tehran</settlement>
                                    <country key="IR">Iran</country>
                                </address>
                            </affiliation>
                        </author>
                        <author role="corresp" sequence="1">
                            <persName>
                                <forename type="first">Siamak</forename>
                                <surname>Hoseinzadeh</surname>
                            </persName>
                            <contact>
                                <email>Hoseinzadeh.siamak@gmail.com</email>
                            </contact>
                            <affiliation key="aff2">
                                <orgName key="dep1" type="department">Young Researchers and Elite Club</orgName>
                                <orgName key="dep2" type="department">West Tehran Branch</orgName>
                                <orgName type="institution">Islamic Azad University</orgName>
                                <address>
                                    <settlement>Tehran</settlement>
                                    <country key="IR">Iran</country>
                                </address>
                            </affiliation>
                        </author>
                        <author>
                            <persName>
                                <forename type="first">Ali</forename>
                                <surname>Bahari</surname>
                            </persName>
                            <affiliation key="aff3">
                                <orgName key="dep1" type="department">Faculty of Basic Sciences</orgName>
                                <orgName key="dep2" type="department">Department of Physics</orgName>
                                <orgName type="institution">University of Mazandaran</orgName>
                                <address>
                                    <settlement>Babolsar</settlement>
                                    <country key="IR">Iran</country>
                                </address>
                            </affiliation>
                        </author>
                        <title level="a" type="main">The Effects of Nitrogen on structure, morphology and electrical resistance of Tantalum by ion implantation method</title>
                    </analytic>
                    <monogr>
                        <imprint>
                            <date/>
                        </imprint>
                    </monogr>
                    <note>* Corresponding author: et al. [26] reported the formation of Ta 2 N and TaN o.8 at all doses and TaN at higher doses (5×10 17 ion/cm 2</note>
                </biblStruct>
            </sourceDesc>
        </fileDesc>
        <profileDesc>
            <textClass>
                <keywords>
                    <term>Tantalum, Ion implantation</term>
                    <term>XRD</term>
                    <term>AFM</term>
                    <term>Electrical resistivity</term>
                </keywords>
            </textClass>
            <abstract>
                <p>In this paper, samples of tantalum with purities of 99.99% (0.58 mm thickness) were implanted by Nitrogen ions. The ions' implantation process was performed at 30 keV and also at different portions which were in the range between 1×10 17-1×10 18 ions/cm 2. The electrical characteristics were investigated on Tantalum nitrides and Ta structures by current-voltage (I–V). The samples' surface morphology was also studied through the atomic force microscopy (AFM). Through the application of the X-ray diffraction technique (XRD), the microstructure of the modified surfaces was obtained after ion implantation. Results of the experiments show the formation of hexagonal tantalum nitride (TaN 0.43), as well as the fact that ion dose increases, more interstitial spaces are occupied by nitrogen atoms in the target crystal. The electrical resistivity of the tantalum after nitrogen implantation is found to increase with ion doses. Experimental data demonstrated that different nitrogen dose in ion beam powerfully affects microstructure, phase formation, surface morphology and resistivity of the tantalum. The changes in nitrogen ions were found to be responsible for variation in the resistivity values. 1.Introduction It is well known that the nitrogen ion implantation can improve the surface properties of metals by changing their compositions and structures in the surface layers [1]. For this reason, the nitrogen Ion implantation has been studied for many years and many nitrogen-metal systems have been investigated in order to clarify the format ion mechanisms of various metal nitrides and their influences on surface properties. The effects of nitrogen ion implantation (NII) on structural, mechanical, tribological and even biological properties of different materials have been greatly investigated [2, 3]. The degree of surface modification by NII depends on the ion energy, current density, irradiation time and the substrate temperature. Metal nitride coatings have different physical characteristics like melting points, great chemical and a high level of toughness, and magnetic properties, as well as exclusive electrical stability. Even though ion implantation technology was first used as an alternative for doping semiconductors, it is gradually turning into an accepted process for changing many surfaces including near-surface and bulk properties of thin films of materials only a few papers to date have become known investigating the stages after nitrogen ion implantation into tantalum. In this regard, ion implantation is one of the prospective ways for changing chemical and physical properties in the near-surface part of metals by the formation of nitride phases [4–8]. The physical, electrochemical, mechanical, and adhesion properties of films occasionally fail to see technological supplies the physical, electrochemical, mechanical, and adhesion properties of films occasionally fail to see technological supplies. In recent years, ion doping [9] and ion bombardment processes [10] were widely used to improve the properties of films. It was found, though, that films produced from identical starting materials but by different methods may differ markedly in physical properties [11, 12]. Tantalum nitride has many attractive characteristics, for example, high melting point, high hardness, chemical stability, high thermal conductivity and low electrical resistivity, which make it possible to use as diffusion barriers for calling methods in silicon-based integrated circuits such as ULSI [13-17]. Moreover, Tantalum can be used in wide variety of applications such as corrosion-resistant materials and high-speed thermal printing head as well as thin film resistors. While Tantalum nitride deposition procedure can be tuned to achieve a wide range of electrical properties by variable the film stoichiometry [18-20], as one of the barriers for copper back-end-of-line processing, high resistivity, and narrow process window continue to limit the usability of these films as thin film resistors in Silicon IC manufacturing. Belii et al. [22] reported Ta 2 N and TaN formation by ion-implantation at a dose of 1×10 17 ions/cm 2 , while at higher dose of 5×10 17 ion/cm 2 , only fcc TaN was identified. They also found that the electrical resistivity of the implanted layer increases with increasing ion-dose. Wang et al. [23] studied the structure and the composition of nitrogen implanted tantalum at 1 l0keV with a dose of 5×10 17 ion/cm 2. Zhou et al. [24] have reported the ion-dose dependence of the structure of the nitrogen implanted tantalum in the range of 5×10 16 to 5×10 17 (80keV energy). The stability of tantalum nitride resistors has been studied by Au et al. [25]. However, the results reported in the literature vary considerably and require further investigation. Yadav</p>
            </abstract>
        </profileDesc>
    </teiHeader>
    <text xml:lang="en"/>
</TEI>