<?xml version="1.0" encoding="UTF-8" standalone="no"?><TEI xmlns="http://www.tei-c.org/ns/1.0" xmlns:xlink="http://www.w3.org/1999/xlink" xmlns:xsi="http://www.w3.org/2001/XMLSchema-instance" xsi:schemaLocation="http://www.tei-c.org/ns/1.0 /opt/grobid-home/schemas/xsd/Grobid.xsd">
    <teiHeader xml:lang="en">
        <encodingDesc>
            <appInfo>
                <application ident="GROBID" version="0.4.1" when="2018-10-26T09:03+0000">
                    <ref target="https://github.com/kermitt2/grobid">GROBID - A machine learning software for extracting information from scholarly documents</ref>
                </application>
            </appInfo>
        </encodingDesc>
        <fileDesc>
            <titleStmt>
                <title level="a" type="main">Interaction Studies of Ammonia Gas Molecules on Borophene Nanosheet and Nanotubes: A Density Functional Study</title>
            </titleStmt>
            <publicationStmt>
                <publisher/>
                <availability status="unknown">
                    <licence/>
                </availability>
            </publicationStmt>
            <sourceDesc>
                <biblStruct>
                    <analytic>
                        <author>
                            <persName>
                                <forename type="first">V.</forename>
                                <surname>Nagarajan</surname>
                            </persName>
                            <affiliation key="aff1">
                                <orgName type="department">School of Electrical and Electronics Engineering</orgName>
                                <orgName type="institution">SASTRA University</orgName>
                                <address>
                                    <postCode>613 401</postCode>
                                    <settlement>Tirumalaisamudram, Thanjavur</settlement>
                                    <country key="IN">India</country>
                                </address>
                            </affiliation>
                        </author>
                        <author role="corresp" sequence="1">
                            <persName>
                                <forename type="first">R.</forename>
                                <surname>Chandiramouli</surname>
                            </persName>
                            <contact>
                                <email>rcmoulii@gmail.com</email>
                                <phone>Tel: +919489566466</phone>
                            </contact>
                            <affiliation key="aff1">
                                <orgName type="department">School of Electrical and Electronics Engineering</orgName>
                                <orgName type="institution">SASTRA University</orgName>
                                <address>
                                    <postCode>613 401</postCode>
                                    <settlement>Tirumalaisamudram, Thanjavur</settlement>
                                    <country key="IN">India</country>
                                </address>
                            </affiliation>
                        </author>
                        <title level="a" type="main">Interaction Studies of Ammonia Gas Molecules on Borophene Nanosheet and Nanotubes: A Density Functional Study</title>
                    </analytic>
                    <monogr>
                        <imprint>
                            <date/>
                        </imprint>
                    </monogr>
                </biblStruct>
            </sourceDesc>
        </fileDesc>
        <profileDesc>
            <textClass>
                <keywords>
                    <term>borophene</term>
                    <term>adsorption</term>
                    <term>nanosheet</term>
                    <term>nanotube</term>
                    <term>ammonia</term>
                    <term>stability</term>
                </keywords>
            </textClass>
            <abstract>
                <p>The structural stability of borophene nanosheet and nanotubes, including electronic properties was explored using the Density-Functional-Theory technique. Moreover, the stability of isolated pristine borophene nanosheet and nanotube is substantiated with the help of formation energy. The energy band gap of pristine borophene material is found to be semi-metallic. The interaction of NH 3 molecules on borophene material is analyzed using Bader charge transfer, adsorption energy, density-of-states spectrum, energy band gap and percentage of average-energy-gap variation. The interaction of hazardous NH 3 gas molecules on borophene nanosheet and nanotubes is studied at an atomistic level. The interaction of nitrogen atom in ammonia molecules on borophene material is observed to be the prominent adsorption site. The findings suggest that borophene nanosheets as well as nanotubes can be used as a chemi-resistor for the detection of ammonia molecules present in the atmosphere. 1. Introduction Graphene and carbon nanotubes (CNTs) are the low-dimensional nanostructures of elemental carbon, which exhibits fascinating properties [1]. The functional materials with tunable properties are in search among research community. Owing to their unique physical properties, carbon allotropes are a good choice for potential application in nanoscale devices. Nevertheless, the future development in nanotechnology should not be limited only with carbon allotropes. Moreover, the element boron, next to the carbon element possesses various properties in sheet and tube form compared with its bulk counterpart [2]. Boron is a group III-A element in the periodic table and possesses diverse physical and chemical properties. For instance, boron as B 12 icosahedron presents different phases in nature and has electron deficiency properties due to the multicenter bond character [3]. Compared to boron in bulk phases, low dimension boron nanostructures, such as, nanotubes, clusters and nanosheets, have been extensively investigated both computationally and experimentally [4-7]. It is worth noting that the problem of synthesizing the boron nanotube is highly related to the instability of boron nanosheets. The prediction of boron nanostructures like carbon nanotubes and graphene progressed after finding the tubular clusters, quasi-planar and stable elemental boron [8, 9], which are also confirmed by the experimental work [10, 11]. The state-of-the-art in the synthesis and applications of borophene is known from the previous literatures. Considering these quasi-planar based boron clusters, as beginning of boron nanotubes and sheets, numerous stable structural models of boron nanostructures with various underlying lattices were proposed [6, 12]. Moreover, the two-dimensional stable buckled boron monolayer called as borophene with the space group of pmmn on Ag substrate has been synthesized successfully by Mannix et al. [5]. The special properties such as superconductivity and anisotropy give good potential applications in boron-based nanomaterial [13, 14], and it can also be used as electrode material in Li-ions batteries [15]. Liu et al. [16] and Ciuparu et al. [17] have reported the first success in the synthesis of pristine boron nanotubes. Till now, several stable structural models of boron nanosheets have been reported, which mainly falls under three categories: hexagonal, triangular, and mixed hexagonal-triangular structures. Besides, the</p>
            </abstract>
        </profileDesc>
    </teiHeader>
    <text xml:lang="en"/>
</TEI>