<?xml version="1.0" encoding="UTF-8" standalone="no"?><TEI xmlns="http://www.tei-c.org/ns/1.0" xmlns:xlink="http://www.w3.org/1999/xlink" xmlns:xsi="http://www.w3.org/2001/XMLSchema-instance" xsi:schemaLocation="http://www.tei-c.org/ns/1.0 /opt/grobid-home/schemas/xsd/Grobid.xsd">
    <teiHeader xml:lang="en">
        <encodingDesc>
            <appInfo>
                <application ident="GROBID" version="0.4.1" when="2018-10-26T09:06+0000">
                    <ref target="https://github.com/kermitt2/grobid">GROBID - A machine learning software for extracting information from scholarly documents</ref>
                </application>
            </appInfo>
        </encodingDesc>
        <fileDesc>
            <titleStmt>
                <title level="a" type="main">Tracking Success – Outputs versus Outcomes: A comparison of accredited and non-accredited public health agencies' Community Health Improvement Plan objectives</title>
            </titleStmt>
            <publicationStmt>
                <publisher/>
                <availability status="unknown">
                    <licence/>
                </availability>
            </publicationStmt>
            <sourceDesc>
                <biblStruct>
                    <analytic>
                        <author role="corresp" sequence="1">
                            <persName>
                                <forename type="first">Evan</forename>
                                <forename type="middle">K.</forename>
                                <surname>Perrault</surname>
                                <authordegree>PhD</authordegree>
                            </persName>
                            <contact>
                                <email>perrault@purdue.edu</email>
                                <phone>Phone: 765-496-6429 Fax: 765-496-1394</phone>
                            </contact>
                            <affiliation key="aff1" role="corresp" sequence="1">
                                <address>
                                    <addrLine>2158 Beering Hall 100 N. University St</addrLine>
                                </address>
                            </affiliation>
                            <affiliation key="aff2" role="corresp" sequence="2">
                                <orgName type="institution">Brian Lamb School of Communication Purdue University</orgName>
                                <address>
                                    <postCode>47907</postCode>
                                    <settlement>West Lafayette</settlement>
                                    <region>IN</region>
                                </address>
                            </affiliation>
                        </author>
                        <author>
                            <persName>
                                <forename type="first">Jill</forename>
                                <surname>Inderstrodt-Stephens</surname>
                                <suffix>Student</suffix>
                                <authordegree>MA Ph. D. &amp; MPH</authordegree>
                            </persName>
                            <affiliation key="aff2" role="corresp" sequence="2">
                                <orgName type="institution">Brian Lamb School of Communication Purdue University</orgName>
                                <address>
                                    <postCode>47907</postCode>
                                    <settlement>West Lafayette</settlement>
                                    <region>IN</region>
                                </address>
                            </affiliation>
                        </author>
                        <author>
                            <persName>
                                <forename type="first">Elizabeth</forename>
                                <forename type="middle">A.</forename>
                                <surname>Hintz</surname>
                                <authordegree>BA</authordegree>
                            </persName>
                            <affiliation key="aff3" role="corresp" sequence="3">
                                <orgName type="institution">MA Candidate – Interpersonal Health Communication Brian Lamb School of Communication Purdue University</orgName>
                                <address>
                                    <postCode>47907</postCode>
                                    <settlement>West Lafayette</settlement>
                                    <region>IN</region>
                                </address>
                            </affiliation>
                        </author>
                        <title level="a" type="main">Tracking Success – Outputs versus Outcomes: A comparison of accredited and non-accredited public health agencies' Community Health Improvement Plan objectives</title>
                    </analytic>
                    <monogr>
                        <imprint>
                            <date/>
                        </imprint>
                    </monogr>
                    <note>(Corresponding Author) Assistant Professor of Health Communication As overall funding for public health declines (Bishai, Leider, &amp; Resnick, 2016; Himmelstein &amp; Woolhandler, 2016), and as funders demand increased accountability as to the health impact of their dollars, it is critical that public health agencies provide evidence that their efforts are achieving societal impacts (Lynch-Cerullo &amp; Cooney, 2011). One way those in the medical and public service fields can better communicate these aims is by utilizing planning processes that include articulating objectives that measure the outcomes of their work (i.e., the impact of their work on end users), and not simply their outputs (i.e., a numerical count of what they did; Weiss, 2007). To help public health agencies better measure the impacts of their activities, agencies seeking accreditation from the Public Health Accreditation Board (PHAB) must submit Community Health Improvement Plans (CHIPs). One requirement of each CHIP is the articulation of clear objectives that contain " measurable outcomes…from the perspective of</note>
                </biblStruct>
            </sourceDesc>
        </fileDesc>
        <profileDesc>
            <textClass>
                <keywords>
                    <term>objectives</term>
                    <term>outcomes</term>
                    <term>public health departments</term>
                    <term>CHIP Key Words: objectives</term>
                    <term>outcomes</term>
                    <term>outputs</term>
                    <term>public health departments</term>
                    <term>CHIP Tracking Success – Outputs versus Outcomes: A comparison of accredited and non-accredited public health agencies' Community Health Improvement Plan objectives</term>
                </keywords>
            </textClass>
            <abstract>
                <p>With funding for public health initiatives declining, creating measurable objectives that are focused on tracking and changing population outcomes (i.e., knowledge, attitudes, or behaviors), instead of those that are focused on health agencies' own outputs (e.g., promoting services, developing communication messages) have seen a renewed focus. This study analyzed 4,094 objectives from the Community Health Improvement Plans (CHIPs) of 280 local PHAB-accredited and non-accredited public health agencies across the United States. Results revealed that accredited agencies were no more successful at creating outcomes-focused objectives (35% of those coded) compared to non-accredited agencies (33% of those coded; Z=1.35, p=.18). The majority of objectives were focused on outputs (accredited: 61.2%; non-accredited: 63.3%; Z=0.72, p=.47). Outcomes-focused objectives primarily sought to change behaviors (accredited: 85.43%; non-accredited: 80.6%), followed by changes in knowledge (accredited: 9.75%; non-accredited: 10.8%) and attitudes (accredited: 1.6%; non-accredited: 5.1%). Non-accredited agencies had more double-barreled objectives (49.9%) compared to accredited agencies (32%; Z= 11.43, p&lt; .001). The authors recommend that accreditation procedures place a renewed focus on ensuring that public health agencies strive to achieve outcomes. It is also advocated that public health agencies work with interdisciplinary teams of Health Communicators who can help them develop procedures to effectively and efficiently measure outcomes of knowledge and attitudes that are influential drivers of behavioral changes.</p>
            </abstract>
        </profileDesc>
    </teiHeader>
    <text xml:lang="en"/>
</TEI>