<?xml version="1.0" encoding="UTF-8" standalone="no"?><TEI xmlns="http://www.tei-c.org/ns/1.0" xmlns:xlink="http://www.w3.org/1999/xlink" xmlns:xsi="http://www.w3.org/2001/XMLSchema-instance" xsi:schemaLocation="http://www.tei-c.org/ns/1.0 /opt/grobid-home/schemas/xsd/Grobid.xsd">
    <teiHeader xml:lang="en">
        <encodingDesc>
            <appInfo>
                <application ident="GROBID" version="0.4.1" when="2018-10-26T09:03+0000">
                    <ref target="https://github.com/kermitt2/grobid">GROBID - A machine learning software for extracting information from scholarly documents</ref>
                </application>
            </appInfo>
        </encodingDesc>
        <fileDesc>
            <titleStmt>
                <title level="a" type="main">Barriers and Facilitators of HPV Vaccination in the VFC Program</title>
            </titleStmt>
            <publicationStmt>
                <publisher/>
                <availability status="unknown">
                    <licence/>
                </availability>
                <date type="published" when="2017-11-30">November 30, 2017</date>
            </publicationStmt>
            <sourceDesc>
                <biblStruct>
                    <analytic>
                        <author>
                            <persName>
                                <forename type="first">Wayne</forename>
                                <forename type="middle">S.</forename>
                                <surname>Fleming</surname>
                            </persName>
                            <affiliation key="aff3">
                                <orgName key="dep1" type="department">PA Department of Health</orgName>
                                <orgName key="dep2" type="department">Bureau of Epidemiology</orgName>
                                <orgName key="dep3" type="department">Division of Infectious Disease Epidemiology</orgName>
                                <address>
                                    <addrLine>Room 933, Health and Welfare Building, 625 Forster Street</addrLine>
                                    <postCode>17120-0701</postCode>
                                    <settlement>Harrisburg</settlement>
                                    <region>PA</region>
                                </address>
                            </affiliation>
                            <affiliation key="aff4">
                                <orgName key="dep1" type="department">Department of Public Health Sciences</orgName>
                                <orgName key="dep2" type="department">College of Medicine</orgName>
                                <orgName type="institution">Penn State University</orgName>
                                <address>
                                    <postCode>17033</postCode>
                                    <settlement>Hershey</settlement>
                                    <region>PA</region>
                                    <country key="US">USA</country>
                                </address>
                            </affiliation>
                        </author>
                        <author>
                            <persName>
                                <forename type="first">Kristin</forename>
                                <forename type="middle">K.</forename>
                                <surname>Sznajder</surname>
                            </persName>
                            <affiliation key="aff4">
                                <orgName key="dep1" type="department">Department of Public Health Sciences</orgName>
                                <orgName key="dep2" type="department">College of Medicine</orgName>
                                <orgName type="institution">Penn State University</orgName>
                                <address>
                                    <postCode>17033</postCode>
                                    <settlement>Hershey</settlement>
                                    <region>PA</region>
                                    <country key="US">USA</country>
                                </address>
                            </affiliation>
                        </author>
                        <author>
                            <persName>
                                <forename type="first">Margaret</forename>
                                <surname>Nepps</surname>
                            </persName>
                            <affiliation key="aff5">
                                <orgName type="department">Penn Medicine</orgName>
                                <orgName type="institution">Lancaster General Hospital</orgName>
                                <address>
                                    <addrLine>Behavioral Science 555 North Duke Street Lancaster</addrLine>
                                    <postCode>17604-3555</postCode>
                                    <region>PA</region>
                                </address>
                            </affiliation>
                        </author>
                        <author>
                            <persName>
                                <forename type="first">Sameh</forename>
                                <forename type="middle">W.</forename>
                                <surname>Boktor</surname>
                            </persName>
                            <affiliation key="aff3">
                                <orgName key="dep1" type="department">PA Department of Health</orgName>
                                <orgName key="dep2" type="department">Bureau of Epidemiology</orgName>
                                <orgName key="dep3" type="department">Division of Infectious Disease Epidemiology</orgName>
                                <address>
                                    <addrLine>Room 933, Health and Welfare Building, 625 Forster Street</addrLine>
                                    <postCode>17120-0701</postCode>
                                    <settlement>Harrisburg</settlement>
                                    <region>PA</region>
                                </address>
                            </affiliation>
                            <affiliation key="aff4">
                                <orgName key="dep1" type="department">Department of Public Health Sciences</orgName>
                                <orgName key="dep2" type="department">College of Medicine</orgName>
                                <orgName type="institution">Penn State University</orgName>
                                <address>
                                    <postCode>17033</postCode>
                                    <settlement>Hershey</settlement>
                                    <region>PA</region>
                                    <country key="US">USA</country>
                                </address>
                            </affiliation>
                        </author>
                        <author>
                            <persName>
                                <forename type="first">Wayne</forename>
                                <surname>Fleming</surname>
                            </persName>
                        </author>
                        <author>
                            <affiliation key="aff1">
                                <orgName key="dep1" type="department">Department of Public Health Sciences</orgName>
                                <orgName key="dep2" type="department">Department of Medicine</orgName>
                                <orgName type="institution">Penn State Hershey College of Medicine</orgName>
                                <address>
                                    <settlement>Hershey</settlement>
                                    <region>PA</region>
                                </address>
                            </affiliation>
                        </author>
                        <author>
                            <affiliation key="aff2">
                                <orgName type="department">Department of Public Health Sciences</orgName>
                                <orgName type="institution">Penn State Hershey College of Medicine</orgName>
                                <address>
                                    <settlement>Hershey</settlement>
                                </address>
                            </affiliation>
                        </author>
                        <title level="a" type="main">Barriers and Facilitators of HPV Vaccination in the VFC Program</title>
                    </analytic>
                    <monogr>
                        <imprint>
                            <date type="published" when="2017-11-30">November 30, 2017</date>
                        </imprint>
                    </monogr>
                    <note>About the Authors The primary author WF, MPA, MPH is a graduate of the Penn State Hershey College of Medicine, Public Health Sciences Program, Hershey, PA and employed by the Pennsylvania Department of Health (PA DOH), Bureau of Epidemiology, Harrisburg, as a Vaccine Preventable Disease Epidemiology Research Associate, PA. KS, PhD, MPH is an Assistant Professor in the Contributing authors MN, is a Psychologist affiliated with Penn Medicine, Lancaster General Hospital, Behavioral Science Lancaster, PA, SB, MD, MPH is employed by PA DOH, Bureau of Epidemiology, Harrisburg, as an Influenza Surveillance Epidemiologist and is an Adjunct Assistant Professor in the</note>
                </biblStruct>
            </sourceDesc>
        </fileDesc>
        <profileDesc>
            <textClass>
                <keywords>
                    <term>HPV vaccine</term>
                    <term>Human papillomavirus</term>
                    <term>Adolescents' vaccine uptake</term>
                    <term>Vaccine for Children Program</term>
                </keywords>
            </textClass>
            <abstract>
                <p>Purpose This study determined facilitators and barriers to human papillomavirus (HPV) vaccination perceived by providers of healthcare in the federally funded Pennsylvania Vaccines for Children (PA VFC) program. Methods The cross-sectional study gathered descriptive data through a survey research design. Providers of healthcare were recruited through an email containing a link to an 18-question online survey. The survey was divided into four main sections which assessed the perceived facilitators and barriers to HPV vaccination of PA VFC program-eligibles. Survey respondents represented 65 of 66 Pennsylvania counties covered by the PA VFC Program. Results The study recruited 772 PA VFC participating healthcare facilities for a response rate of (52%). Ninety-eight percent of the responding facilities reported that they offered the HPV vaccine. The most common barriers to vaccine administration were the parental belief that HPV vaccination is associated with sexual activity and parent/patient refusal of the HPV vaccination which together accounted for (44%) of responses. The majority of respondents (75.6%) indicated counseling parents and adolescents on the benefits of HPV vaccination was a very important factor in HPV vaccination uptake. Healthcare provider facility based training (32%) and web-based training for healthcare providers (22%) were the most recommended avenues for HPV training. Conclusions The most common barrier to HPV vaccination was identified as the parental misconception that HPV vaccination is associated with sexual activity. Providers believed that the best way to increase HPV vaccination is through counseling parents and adolescents on the benefits of HPV vaccination and to correct misconceptions and change attitudes. Providers are desirous of receiving HPV web-based or workplace training. Introduction In the United States, the human papillomavirus (HPV) is the most common sexually transmitted infection (STI). [1]. According to the Centers for Disease Control and Prevention (CDC), about 90% of men and 80% of women in America that are sexually active have HPV infections and</p>
            </abstract>
        </profileDesc>
    </teiHeader>
    <text xml:lang="en"/>
</TEI>