<?xml version="1.0" encoding="UTF-8" standalone="no"?><TEI xmlns="http://www.tei-c.org/ns/1.0" xmlns:xlink="http://www.w3.org/1999/xlink" xmlns:xsi="http://www.w3.org/2001/XMLSchema-instance" xsi:schemaLocation="http://www.tei-c.org/ns/1.0 /opt/grobid-home/schemas/xsd/Grobid.xsd">
    <teiHeader xml:lang="en">
        <encodingDesc>
            <appInfo>
                <application ident="GROBID" version="0.4.1" when="2018-10-26T09:04+0000">
                    <ref target="https://github.com/kermitt2/grobid">GROBID - A machine learning software for extracting information from scholarly documents</ref>
                </application>
            </appInfo>
        </encodingDesc>
        <fileDesc>
            <titleStmt>
                <title level="a" type="main">A Psychometric Validation of the Employers' Stigmatizing Attitudes toward Cancer Survivors Scale</title>
            </titleStmt>
            <publicationStmt>
                <publisher/>
                <availability status="unknown">
                    <licence/>
                </availability>
            </publicationStmt>
            <sourceDesc>
                <biblStruct>
                    <analytic>
                        <author>
                            <persName>
                                <forename type="first">Wei-Mo</forename>
                                <surname>Tu</surname>
                            </persName>
                            <contact>
                                <email>Wei-mo.Tu@unt.edu</email>
                                <phone>Telephone:(940)369-8299; Fax:(940)565-3960;</phone>
                            </contact>
                            <affiliation key="aff1">
                                <orgName type="department">Department of Rehabilitation and Health Services</orgName>
                                <orgName type="institution">University of North Texas</orgName>
                                <address>
                                    <addrLine>1155 Union Circle #311456</addrLine>
                                    <postCode>76203</postCode>
                                    <settlement>Denton</settlement>
                                    <region>Texas</region>
                                </address>
                            </affiliation>
                        </author>
                        <author>
                            <persName>
                                <forename type="first">Fong</forename>
                                <surname>Chan</surname>
                            </persName>
                            <affiliation key="aff2" role="corresp" sequence="1">
                                <orgName type="department">Rehabilitation Psychology &amp; Special Education</orgName>
                                <orgName type="institution">University of Wisconsin-Madison</orgName>
                                <address>
                                    <addrLine>1000 Bascom Mall</addrLine>
                                    <postCode>53706</postCode>
                                    <settlement>Madison</settlement>
                                    <region>Wisconsin</region>
                                </address>
                            </affiliation>
                        </author>
                        <author>
                            <persName>
                                <forename type="first">Joseph</forename>
                                <surname>Pfaller</surname>
                            </persName>
                            <affiliation key="aff2" role="corresp" sequence="1">
                                <orgName type="department">Rehabilitation Psychology &amp; Special Education</orgName>
                                <orgName type="institution">University of Wisconsin-Madison</orgName>
                                <address>
                                    <addrLine>1000 Bascom Mall</addrLine>
                                    <postCode>53706</postCode>
                                    <settlement>Madison</settlement>
                                    <region>Wisconsin</region>
                                </address>
                            </affiliation>
                        </author>
                        <author>
                            <persName>
                                <forename type="first">Kanako</forename>
                                <surname>Iwanaga</surname>
                            </persName>
                            <affiliation key="aff2" role="corresp" sequence="1">
                                <orgName type="department">Rehabilitation Psychology &amp; Special Education</orgName>
                                <orgName type="institution">University of Wisconsin-Madison</orgName>
                                <address>
                                    <addrLine>1000 Bascom Mall</addrLine>
                                    <postCode>53706</postCode>
                                    <settlement>Madison</settlement>
                                    <region>Wisconsin</region>
                                </address>
                            </affiliation>
                        </author>
                        <author>
                            <persName>
                                <forename type="first">David</forename>
                                <surname>Strauser</surname>
                            </persName>
                            <affiliation key="aff3" role="corresp" sequence="2">
                                <orgName type="department">Department of Kinesiology and Community Health</orgName>
                                <orgName type="institution">University of Illinois at Urbana-Champaign</orgName>
                                <address>
                                    <addrLine>Huff Hall, MC-588 1206 S Fourth St Champaign</addrLine>
                                    <postCode>61820</postCode>
                                    <region>IL</region>
                                </address>
                            </affiliation>
                        </author>
                        <author>
                            <persName>
                                <forename type="first">Ming-Hung</forename>
                                <surname>Wang</surname>
                            </persName>
                            <affiliation key="aff4" role="corresp" sequence="3">
                                <orgName type="department">Graduate Institute of Rehabilitation Counseling</orgName>
                                <orgName type="institution">National Changhua University of Education</orgName>
                                <address>
                                    <addrLine>No.1, Jinde Rd., Changhua County 500</addrLine>
                                    <settlement>Changhua City</settlement>
                                    <country key="TW">Taiwan</country>
                                </address>
                            </affiliation>
                        </author>
                        <author>
                            <persName>
                                <forename type="first">Nicole</forename>
                                <surname>Ditchman</surname>
                            </persName>
                            <affiliation key="aff5" role="corresp" sequence="4">
                                <orgName key="dep1" type="department">Department of Psychology</orgName>
                                <orgName key="dep2" type="department">Counseling and Rehabilitation Science Division</orgName>
                                <orgName type="institution">Illinois Institute of Technology</orgName>
                                <address>
                                    <addrLine>3105 South Dearborn</addrLine>
                                    <postCode>60616</postCode>
                                    <settlement>Chicago</settlement>
                                    <region>Illinois</region>
                                </address>
                            </affiliation>
                        </author>
                        <title level="a" type="main">A Psychometric Validation of the Employers' Stigmatizing Attitudes toward Cancer Survivors Scale</title>
                    </analytic>
                    <monogr>
                        <imprint>
                            <date/>
                        </imprint>
                    </monogr>
                    <note>(*corresponding author). A Psychometric Validation of the Employers' Stigmatizing Attitudes toward Cancer Survivors Scale</note>
                </biblStruct>
            </sourceDesc>
        </fileDesc>
        <profileDesc>
            <textClass>
                <keywords>
                    <term>employment</term>
                    <term>social stigma</term>
                    <term>attitudes</term>
                    <term>oncology</term>
                    <term>and vocational rehabilitation</term>
                </keywords>
            </textClass>
            <abstract>
                <p>Purpose: The aim of this study was to evaluate the measurement structure of the Employers' Stigmatizing Attitudes toward Cancer Survivors Scale (ESATPD-Cancer Scale). Methods: A quantitative descriptive design using exploratory factor analysis (EFA) and confirmatory factor analysis (CFA). One hundred and seventy-seven Taiwanese human resources (HR) professionals participated in this study. Results: EFA revealed a one-factor measurement structure accounting for 50% of the total variance. We conducted a CFA to confirm the one-factor structure; after two pairs of error terms were correlated, the re-specified model was found to fit the data adequately: χ 2 /df = 1.69, GFI = .97, CFI = .98, and RMSEA = .06. Internal consistency reliability coefficient (Cronbach's alpha) for the ESATPD-Cancer Scale was computed to be .80. In addition, stigmatizing attitudes were found to be negatively associated with HR professionals' willingness to hire cancer survivors. Conclusions: The results of this study support a one-factor measurement structure for the ESATPD-Cancer Scale in a sample of HR professionals in Taiwan. Findings also support a relationship between ESATPD-Cancer Scale scores and HR professionals' willingness to hire cancer survivors, demonstrating support for the construct validity of the scale. Background Employment is a basic human right that every individual should have access to without discrimination [1]. Taiwan's People with Disabilities Rights Protection Act (PDRPA) of 2007 [2] established legal protections to safeguard this fundamental human rights for people with disabilities. Despite the passage and implementation of the PDRPA, the unemployment rate in Taiwan for people with chronic illness and disability (CID) remains nearly three times higher than people without disabilities [3]. Moreover, as people with CID continue to live longer due to medical advance, many individuals desire to return to work or secure employment. It is apparent that legal mandates alone are not sufficient, and people living with CID in Taiwan still face a multitude of personal and environmental factors that restrict access to employment. Globally, the rehabilitation literature has consistently found that stigma towards people with disabilities and chronic health conditions are a major barrier to employment [4,5]; however, employers' attitudes and stigma toward employees regarding specific types of chronic illnesses and disabilities, such</p>
            </abstract>
        </profileDesc>
    </teiHeader>
    <text xml:lang="en"/>
</TEI>