<?xml version="1.0" encoding="UTF-8" standalone="no"?><TEI xmlns="http://www.tei-c.org/ns/1.0" xmlns:xlink="http://www.w3.org/1999/xlink" xmlns:xsi="http://www.w3.org/2001/XMLSchema-instance" xsi:schemaLocation="http://www.tei-c.org/ns/1.0 /opt/grobid-home/schemas/xsd/Grobid.xsd">
    <teiHeader xml:lang="en">
        <encodingDesc>
            <appInfo>
                <application ident="GROBID" version="0.4.1" when="2018-10-26T09:06+0000">
                    <ref target="https://github.com/kermitt2/grobid">GROBID - A machine learning software for extracting information from scholarly documents</ref>
                </application>
            </appInfo>
        </encodingDesc>
        <fileDesc>
            <titleStmt>
                <title level="a" type="main">Preparation and determination of antimicrobial property of cation-exchanged Ecuadorian natural zeolite to be used as filler for polyethylene and polypropylene matrices</title>
            </titleStmt>
            <publicationStmt>
                <publisher/>
                <availability status="unknown">
                    <licence/>
                </availability>
            </publicationStmt>
            <sourceDesc>
                <biblStruct>
                    <analytic>
                        <author role="corresp" sequence="1">
                            <persName>
                                <forename type="first">Haci</forename>
                                <surname>Baykara</surname>
                            </persName>
                            <contact>
                                <email>hacibaykara@gmail.com</email>
                            </contact>
                            <affiliation key="aff1">
                                <orgName type="department">Facultad de Ingeniería Mecánica y Ciencias de la Producción</orgName>
                                <address>
                                    <addrLine>Escuela Superior Politécnica del Litoral, ESPOL, Campus Gustavo Galindo</addrLine>
                                </address>
                            </affiliation>
                            <affiliation key="aff3">
                                <orgName type="department">Center of Nanotechnology Research and Development (CIDNA)</orgName>
                                <address>
                                    <addrLine>Escuela Superior Politécnica del Litoral, ESPOL, Campus Gustavo Galindo</addrLine>
                                </address>
                            </affiliation>
                        </author>
                        <author>
                            <persName>
                                <forename type="first">Mauricio</forename>
                                <forename type="middle">Cornejo</forename>
                                <surname>Martinez</surname>
                            </persName>
                            <affiliation key="aff1">
                                <orgName type="department">Facultad de Ingeniería Mecánica y Ciencias de la Producción</orgName>
                                <address>
                                    <addrLine>Escuela Superior Politécnica del Litoral, ESPOL, Campus Gustavo Galindo</addrLine>
                                </address>
                            </affiliation>
                            <affiliation key="aff3">
                                <orgName type="department">Center of Nanotechnology Research and Development (CIDNA)</orgName>
                                <address>
                                    <addrLine>Escuela Superior Politécnica del Litoral, ESPOL, Campus Gustavo Galindo</addrLine>
                                </address>
                            </affiliation>
                        </author>
                        <author>
                            <persName>
                                <forename type="first">Denis</forename>
                                <forename type="middle">Viera</forename>
                                <surname>Rey</surname>
                            </persName>
                            <affiliation key="aff3">
                                <orgName type="department">Center of Nanotechnology Research and Development (CIDNA)</orgName>
                                <address>
                                    <addrLine>Escuela Superior Politécnica del Litoral, ESPOL, Campus Gustavo Galindo</addrLine>
                                </address>
                            </affiliation>
                        </author>
                        <author>
                            <persName>
                                <forename type="first">Diego</forename>
                                <forename type="middle">Sánchez</forename>
                                <surname>Urbina</surname>
                            </persName>
                            <affiliation key="aff3">
                                <orgName type="department">Center of Nanotechnology Research and Development (CIDNA)</orgName>
                                <address>
                                    <addrLine>Escuela Superior Politécnica del Litoral, ESPOL, Campus Gustavo Galindo</addrLine>
                                </address>
                            </affiliation>
                        </author>
                        <author>
                            <persName>
                                <forename type="first">Cecilia</forename>
                                <surname>Paredes</surname>
                            </persName>
                            <affiliation key="aff1">
                                <orgName type="department">Facultad de Ingeniería Mecánica y Ciencias de la Producción</orgName>
                                <address>
                                    <addrLine>Escuela Superior Politécnica del Litoral, ESPOL, Campus Gustavo Galindo</addrLine>
                                </address>
                            </affiliation>
                        </author>
                        <author>
                            <persName>
                                <forename type="first">Andres</forename>
                                <surname>Rigail</surname>
                            </persName>
                            <affiliation key="aff1">
                                <orgName type="department">Facultad de Ingeniería Mecánica y Ciencias de la Producción</orgName>
                                <address>
                                    <addrLine>Escuela Superior Politécnica del Litoral, ESPOL, Campus Gustavo Galindo</addrLine>
                                </address>
                            </affiliation>
                        </author>
                        <author>
                            <persName>
                                <forename type="first">Maria</forename>
                                <forename type="middle">Olivia</forename>
                                <surname>Aviles</surname>
                            </persName>
                            <affiliation key="aff1">
                                <orgName type="department">Facultad de Ingeniería Mecánica y Ciencias de la Producción</orgName>
                                <address>
                                    <addrLine>Escuela Superior Politécnica del Litoral, ESPOL, Campus Gustavo Galindo</addrLine>
                                </address>
                            </affiliation>
                        </author>
                        <author>
                            <affiliation key="aff2">
                                <orgName type="institution">Vía Perimetral</orgName>
                                <address>
                                    <postBox>P.O. Box 09-01-5863</postBox>
                                    <settlement>Guayaquil</settlement>
                                    <country key="EC">Ecuador</country>
                                </address>
                            </affiliation>
                        </author>
                        <title level="a" type="main">Preparation and determination of antimicrobial property of cation-exchanged Ecuadorian natural zeolite to be used as filler for polyethylene and polypropylene matrices</title>
                    </analytic>
                    <monogr>
                        <imprint>
                            <date/>
                        </imprint>
                    </monogr>
                </biblStruct>
            </sourceDesc>
        </fileDesc>
        <profileDesc>
            <textClass>
                <keywords>
                    <term>Ecuadorian natural zeolite</term>
                    <term>Silver-exchanged</term>
                    <term>Low density polyethylene</term>
                    <term>Polypropylene</term>
                    <term>Antibacterial</term>
                    <term>Composite</term>
                </keywords>
            </textClass>
            <abstract>
                <p>Zeolites are crystalline aluminosilicates with nanoporous structure, tasteless and non-toxic materials. In this study, silver ion-exchanged zeolite, which was prepared from the natural Ecuadorian zeolites was used as reinforcement material in low-density polyethylene (LDPE) and polypropylene (PP). Polymers were filled with 1%, 2% and 3 w.t% concentrations of natural zeolite (Z) and silver ion exchanged zeolite (ZA). Zeolites and composites were characterized by X-ray diffractometry (XRD), Fourier Transform Infrared Spectroscopy (FTIR), scanning electron microscope (SEM), thermogravimetric analysis (TGA) and mechanical analysis techniques. Microbiological analysis of silver ion exchanged zeolite showed effective antibacterial property against Escherichia coli bacteria. PP/ZA composite showed large increase in Young modulus and tensile strength in all mixes comparing to pure PP. ZAPE2 and ZAPP1 showed the best mechanical properties among all the composites based on PE and PP, respectively. The composites prepared are potential candidates to be used in food packaging, and ZA type zeolites can be used as filler for the preparation of various composites. Introduction Zeolite have been used in several industrial applications including catalysts, absorption, separation, soil remediation, water purification process, among others [1–6]. This is because zeolites are unique compared to other inorganic materials due to special structural molecular arrangement, which is composed of uniform channels and cavities [6]. Since the zeolites present different sizes and shapes of pores, channels, cavities, non-toxicity properties and the ability to absorb small molecules make them attractive materials. Many natural zeolite deposits, mainly composed of Heulandite-Clinoptilolite, Mordenite, Laumontite and Analcime, have been discovered and studied in Ecuador recently [7–11]. These zeolite minerals make Ecuadorian zeolites feasible for potential industrial applications such as antibacterial agents based on their ion exchange properties. The ion exchange process includes the cations that are typically found in zeolites structures such as sodium (Na +), potassium (K +) and calcium (Ca 2+) and that can be replaced with the silver ions (Ag +) in the zeolite structure [6].</p>
            </abstract>
        </profileDesc>
    </teiHeader>
    <text xml:lang="en"/>
</TEI>