<?xml version="1.0" encoding="UTF-8" standalone="no"?><TEI xmlns="http://www.tei-c.org/ns/1.0" xmlns:xlink="http://www.w3.org/1999/xlink" xmlns:xsi="http://www.w3.org/2001/XMLSchema-instance" xsi:schemaLocation="http://www.tei-c.org/ns/1.0 /opt/grobid-home/schemas/xsd/Grobid.xsd">
    <teiHeader xml:lang="en">
        <encodingDesc>
            <appInfo>
                <application ident="GROBID" version="0.4.1" when="2018-10-26T09:05+0000">
                    <ref target="https://github.com/kermitt2/grobid">GROBID - A machine learning software for extracting information from scholarly documents</ref>
                </application>
            </appInfo>
        </encodingDesc>
        <fileDesc>
            <titleStmt>
                <title level="a" type="main"/>
            </titleStmt>
            <publicationStmt>
                <publisher/>
                <availability status="unknown">
                    <licence/>
                </availability>
            </publicationStmt>
            <sourceDesc>
                <biblStruct>
                    <analytic>
                        <author>
                            <persName>
                                <forename type="first">Bruce</forename>
                                <forename type="middle">A.</forename>
                                <surname>Barron</surname>
                            </persName>
                            <affiliation key="aff1">
                                <orgName type="department">Division of Occupational and Environmental Medicine</orgName>
                                <orgName type="institution">University of Rochester School of Medicine and Dentistry</orgName>
                                <address>
                                    <settlement>Rochester</settlement>
                                    <region>New York</region>
                                </address>
                            </affiliation>
                        </author>
                        <miscellaneous>
                            <phone>41:61-67.</phone>
                        </miscellaneous>
                    </analytic>
                    <monogr>
                        <imprint>
                            <date/>
                        </imprint>
                    </monogr>
                    <note>Lefaivre, C.: Traumatic Brain Injury Rehabilitation: The Lefaivre Rainbow Effect. CRC Press, Boca Raton, 2014, 330 pp, $20.06 (hardbound).</note>
                </biblStruct>
            </sourceDesc>
        </fileDesc>
        <profileDesc>
            <abstract>
                <p>The morbidity and mortality associated with work-related traumatic brain injury (TBI) in the United States is substantial and trending upward. One study found that TBI accounted for 22% of all occupational injury fatalities and 46% of work-related fatal falls during the interval from 2003 to 2008 [1]. Furthermore, TBI is one of the most common disabling occupational injuries in the United States. Not surprisingly, the costs associated with acute and chronic treatment, rehabilitation, indemnity, and lost productivity are staggering due to the high incidence of work-related TBI, especially among younger workers [2]. The treatment and rehabilitation of TBI patients and their return-to-work can be challenging given the oftentimes subjective nature of the injury and contentious nature of some employers, workers compensation insurance carriers, workers compensation systems, and other stakeholders. A rational, evidence-based approach to the treatment and rehabilitation of TBI that is effective in optimizing functional outcomes and return-to-work have been elusive. As such, Traumatic Brain Injury Rehabilitation: The Lefaivre Rainbow Effect (The Lefaivre Rainbow Effect) was published with these goals in mind. The basic premise espoused by the author, an occupational therapist, is that people with TBI can relearn and return to desired activities to various degrees depending on the severity of the injury. Her basic formula for functional restoration, which is color coded, states the total sum (i.e. pre-injury function) minus loss (i.e. the diagnostic definition of the organic / neurological damage and resultant deficits) plus interventional therapy (i.e. multidisciplinary therapy plan) equals residual loss (i.e. areas of function that cannot be restored or remediated). Based on the formula, the overarching goal is to minimize residual loss; thereby optimizing function. Each of the variables in the formula are presented in stand-alone chapters that contain tables, figures, and appendices to enhance the reader's understanding. Lefaivre also included chapters on educating the family, traumatically-induced dysfunctional family theory, and cognitive intervention. The remainder of the book focuses on pragmatic issues such as residual loss cost-of-future care, litigation, healthcare provider business practices and time management, funding streams for TBI care and rehabilitation, use of volunteers, and ethical considerations. The Lefaivre Rainbow Effect is a clearly written and logically sequenced book, one that is worth reading. It offers healthcare providers involved in the rehabilitation of TBI patients a basic strategy to optimize functional restoration across the spectrum from mild to severe injury. Despite these positive attributes, the book and the concept per se have two major flaws. First, The Lefaivre Rainbow Effect is based on 17 major assumptions that span the following domains: individual, family, legal system, and organic factors. The validity and impact of each assumption on functional restoration are neither discussed nor adequately researched. Second, The Lefaivre Rainbow Effect has not been subjected to scientific study and it is unknown if this strategy truly results in better long-term outcomes. Therefore, the reader is cautioned to view the contents of this book as an expert opinion as opposed to validated research. References 1. Tiesman, H.M., Konda, S., Bell, J.L. The epidemiology of fatal occupational traumatic brain injury in the U.S. American Journal of Preventive Medicine 2011;</p>
            </abstract>
        </profileDesc>
    </teiHeader>
    <text xml:lang="en"/>
</TEI>