<?xml version="1.0" encoding="UTF-8" standalone="no"?><TEI xmlns="http://www.tei-c.org/ns/1.0" xmlns:xlink="http://www.w3.org/1999/xlink" xmlns:xsi="http://www.w3.org/2001/XMLSchema-instance" xsi:schemaLocation="http://www.tei-c.org/ns/1.0 /opt/grobid-home/schemas/xsd/Grobid.xsd">
    <teiHeader xml:lang="en">
        <encodingDesc>
            <appInfo>
                <application ident="GROBID" version="0.4.1" when="2018-10-26T09:04+0000">
                    <ref target="https://github.com/kermitt2/grobid">GROBID - A machine learning software for extracting information from scholarly documents</ref>
                </application>
            </appInfo>
        </encodingDesc>
        <fileDesc>
            <titleStmt>
                <title level="a" type="main">Predictors of Return to Work 6 Months After the End of Treatment in Patients with Common Mental Disorders: A Cohort Study</title>
            </titleStmt>
            <publicationStmt>
                <publisher/>
                <availability status="unknown">
                    <licence/>
                </availability>
            </publicationStmt>
            <sourceDesc>
                <biblStruct>
                    <analytic>
                        <author role="corresp" sequence="1">
                            <persName>
                                <forename type="first">Mattias</forename>
                                <surname>Victor</surname>
                            </persName>
                            <contact>
                                <email>vicm@lds.no</email>
                                <phone>Telephone: + 4748145919, Fax: +4723225130.</phone>
                            </contact>
                            <affiliation key="aff1" role="corresp" sequence="1">
                                <orgName type="institution">Lovisenberg Hospital</orgName>
                                <address>
                                    <postCode>4970, 0440</postCode>
                                    <settlement>Postboks, Nydalen, Oslo</settlement>
                                    <country key="NO">Norway</country>
                                </address>
                            </affiliation>
                            <affiliation key="aff2">
                                <orgName type="department">Institute of Clinical Medicine</orgName>
                                <orgName type="institution">University of Oslo</orgName>
                                <address>
                                    <settlement>Oslo</settlement>
                                    <country key="NO">Norway</country>
                                </address>
                            </affiliation>
                        </author>
                        <author>
                            <persName>
                                <forename type="first">Bjørn</forename>
                                <surname>Lau</surname>
                            </persName>
                            <affiliation key="aff1" role="corresp" sequence="1">
                                <orgName type="institution">Lovisenberg Hospital</orgName>
                                <address>
                                    <postCode>4970, 0440</postCode>
                                    <settlement>Postboks, Nydalen, Oslo</settlement>
                                    <country key="NO">Norway</country>
                                </address>
                            </affiliation>
                            <affiliation key="aff3">
                                <orgName type="department">Department of Psychology</orgName>
                                <orgName type="institution">University of Oslo</orgName>
                                <address>
                                    <settlement>Oslo</settlement>
                                    <country key="NO">Norway</country>
                                </address>
                            </affiliation>
                        </author>
                        <author>
                            <persName>
                                <forename type="first">Torleif</forename>
                                <surname>Ruud</surname>
                            </persName>
                            <affiliation key="aff2">
                                <orgName type="department">Institute of Clinical Medicine</orgName>
                                <orgName type="institution">University of Oslo</orgName>
                                <address>
                                    <settlement>Oslo</settlement>
                                    <country key="NO">Norway</country>
                                </address>
                            </affiliation>
                            <affiliation key="aff4">
                                <orgName type="department">Division Mental Health Services</orgName>
                                <orgName type="institution">Akershus University Hospital</orgName>
                                <address>
                                    <postCode>1478</postCode>
                                    <settlement>Lørenskog</settlement>
                                    <country key="NO">Norway</country>
                                </address>
                            </affiliation>
                        </author>
                        <title level="a" type="main">Predictors of Return to Work 6 Months After the End of Treatment in Patients with Common Mental Disorders: A Cohort Study</title>
                    </analytic>
                    <monogr>
                        <imprint>
                            <date/>
                        </imprint>
                    </monogr>
                    <note>Corresponding author:</note>
                </biblStruct>
            </sourceDesc>
        </fileDesc>
        <profileDesc>
            <textClass>
                <keywords>Return to work · Sick leave · Psychotherapy · Mental health · Prognosis</keywords>
            </textClass>
            <abstract>
                <p>Acknowledgements This study was funded by Lovisenberg Hospital, Oslo, Norway. Conflict of Interest MV and BL are employees of Lovisenberg Hospital. TR declares that he has no conflict of interest. Abstract Purpose Common mental disorders (CMDs) account for a large portion of sickness absence. Even after attending return to work (RTW) interventions, many patients with a CMD remain on sick leave. To identify people at risk of long-term work disability, more needs to be known about factors that predict RTW after treatment. Methods This was a prospective cohort study that followed 106 former patients at an RTW outpatient clinic for CMDs for 6 months after the end of treatment. Changes in work participation and mental health status between the end of treatment and the 6-month follow-up were analysed. Changes in work participation were used to identify patients with successful RTW. Patient characteristics and end-of-treatment measures of mental health status, work ability, generalized self-efficacy and expectations of future work ability, and changes in clinical outcome measures during treatment were included in logistic regression analyses to identify predictors of RTW at the 6-month follow-up. Results In the final model, high occupational status and higher work ability at the end of treatment predicted successful RTW at the 6-month follow-up. Further analyses showed that if the expectancy of future work ability improved or remained positive from before to the end of treatment, this was also strongly associated with RTW at the 6-month follow-up. Conclusions Among patients treated for CMDs, those with a low occupational status and who report lower work ability at the end of treatment are at risk of long-term disability. Introduction Mental health problems account for a growing proportion of sickness absence and disability pension. The main contributors to the economic burden of reduced workdays are common mental disorders (CMDs) such as depression, anxiety and adjustment disorders [1]. In Norway, CMDs account for about one-fifth of sick leave episodes and one-third of all disability pensions [2]. Programmes and interventions tailored to facilitate return to work (RTW) after sickness absence caused by mental disorders have been developed in recent years [3], but the effects of these interventions vary [3–5]. Often, a number of participants remain on sick leave immediately after, and even 6 or 12 months after, the end of an RTW intervention [6–8]. RTW after sickness absence is a multifactorial process, and health-related factors only partly explain individual differences [9, 10]. Many variables have been suggested as predictors of RTW, but the research is inconclusive. Older age seems to be a predictor of long-term disability among people sick-listed because of mental disorders, but the research findings vary in relation to other personal factors such as sex, educational level and marital status [10, 11]. The presence of depression and anxiety [10–12], duration and severity of depressive symptoms [13], duration of sickness absence at the onset and earlier episodes of sickness absence have all been associated with RTW [14]. A person's own expectation of RTW is a predictor of actual RTW [7, 15], and self-efficacy—a person's belief in being able to handle new and challenging situations—also predicts RTW [16]. In an earlier study on patients in treatment for CMDs, we found that baseline work ability, expectancy of future work ability and a history of psychiatric treatment predicted RTW at the end of treatment [17]. There might also be different predictors for RTW in different parts of the RTW process. Øyeflaten et al. found that lower educational level was a predictor of failed RTW at the 12-month but not the 3-month follow-up [6]. The same study also found that instrumental mastery-oriented coping was a positive predictor of RTW at 3 months but was a risk factor for failed RTW at 12 months. There is insufficient knowledge about the variables that predict long-term RTW after RTW interventions. A better understanding of these factors may help identify patients at risk of failed RTW and long-term disability. In this paper, we included patients treated in an RTW programme for CMDs. We asked the following three questions. a) Are there changes in work participation, work ability, expectations of future work ability, self-efficacy and symptoms between the end of treatment and the 6-month follow-up? b) Are patient characteristics and mental health status at the end of treatment associated with RTW at the 6-month follow-up? c) Are improvements in symptoms, work ability, expectations of future work ability and generalized self-efficacy from before to the end of treatment associated with RTW at the 6-month follow-up?</p>
            </abstract>
        </profileDesc>
    </teiHeader>
    <text xml:lang="en"/>
</TEI>