<?xml version="1.0" encoding="UTF-8" standalone="no"?><TEI xmlns="http://www.tei-c.org/ns/1.0" xmlns:xlink="http://www.w3.org/1999/xlink" xmlns:xsi="http://www.w3.org/2001/XMLSchema-instance" xsi:schemaLocation="http://www.tei-c.org/ns/1.0 /opt/grobid-home/schemas/xsd/Grobid.xsd">
    <teiHeader xml:lang="en">
        <encodingDesc>
            <appInfo>
                <application ident="GROBID" version="0.4.1" when="2018-10-26T09:04+0000">
                    <ref target="https://github.com/kermitt2/grobid">GROBID - A machine learning software for extracting information from scholarly documents</ref>
                </application>
            </appInfo>
        </encodingDesc>
        <fileDesc>
            <titleStmt>
                <title level="a" type="main">Trajectories of return to work among people on sick leave with mood or anxiety disorders: secondary analysis from a randomized controlled trial</title>
            </titleStmt>
            <publicationStmt>
                <publisher/>
                <availability status="unknown">
                    <licence/>
                </availability>
            </publicationStmt>
            <sourceDesc>
                <biblStruct>
                    <analytic>
                        <author role="corresp" sequence="1">
                            <persName>
                                <forename type="first">Lone</forename>
                                <surname>Hellström</surname>
                            </persName>
                            <contact>
                                <email>lone.hellstroem@regionh.dk</email>
                                <phone>phone: +4523836038</phone>
                            </contact>
                            <affiliation key="aff1">
                                <orgName key="instit1" type="institution">Copenhagen University Hospital</orgName>
                                <orgName key="instit2" type="institution">Mental Health Centre Copenhagen</orgName>
                                <address>
                                    <addrLine>Kildegårdsvej 28</addrLine>
                                    <postCode>2900</postCode>
                                    <settlement>Hellerup</settlement>
                                    <country key="DK">Denmark</country>
                                </address>
                            </affiliation>
                            <affiliation key="aff4" role="corresp" sequence="1">
                                <orgName type="department">Research Unit</orgName>
                                <orgName key="instit1" type="institution">Copenhagen University Hospital</orgName>
                                <orgName key="instit2" type="institution">Mental Health Centre</orgName>
                                <address>
                                    <addrLine>Kildegårdsvej 28</addrLine>
                                    <postCode>DK-2900</postCode>
                                    <settlement>Copenhagen, Hellerup</settlement>
                                    <country key="DK">Denmark</country>
                                </address>
                            </affiliation>
                        </author>
                        <author>
                            <persName>
                                <forename type="first">Trine</forename>
                                <surname>Madsen</surname>
                            </persName>
                            <affiliation key="aff1">
                                <orgName key="instit1" type="institution">Copenhagen University Hospital</orgName>
                                <orgName key="instit2" type="institution">Mental Health Centre Copenhagen</orgName>
                                <address>
                                    <addrLine>Kildegårdsvej 28</addrLine>
                                    <postCode>2900</postCode>
                                    <settlement>Hellerup</settlement>
                                    <country key="DK">Denmark</country>
                                </address>
                            </affiliation>
                        </author>
                        <author>
                            <persName>
                                <forename type="first">Merete</forename>
                                <surname>Nordentoft</surname>
                            </persName>
                            <affiliation key="aff1">
                                <orgName key="instit1" type="institution">Copenhagen University Hospital</orgName>
                                <orgName key="instit2" type="institution">Mental Health Centre Copenhagen</orgName>
                                <address>
                                    <addrLine>Kildegårdsvej 28</addrLine>
                                    <postCode>2900</postCode>
                                    <settlement>Hellerup</settlement>
                                    <country key="DK">Denmark</country>
                                </address>
                            </affiliation>
                        </author>
                        <author>
                            <persName>
                                <forename type="first">Per</forename>
                                <surname>Bech</surname>
                            </persName>
                            <affiliation key="aff2">
                                <orgName type="department">Psychiatric Research Unit</orgName>
                                <orgName type="institution">Mental Health Centre North Zealand</orgName>
                                <address>
                                    <addrLine>Dyrehavevej 48</addrLine>
                                    <postCode>3400</postCode>
                                    <settlement>Hillerød</settlement>
                                </address>
                            </affiliation>
                        </author>
                        <author>
                            <persName>
                                <forename type="first">Lene</forename>
                                <forename type="middle">Falgaard</forename>
                                <surname>Eplov</surname>
                            </persName>
                            <affiliation key="aff1">
                                <orgName key="instit1" type="institution">Copenhagen University Hospital</orgName>
                                <orgName key="instit2" type="institution">Mental Health Centre Copenhagen</orgName>
                                <address>
                                    <addrLine>Kildegårdsvej 28</addrLine>
                                    <postCode>2900</postCode>
                                    <settlement>Hellerup</settlement>
                                    <country key="DK">Denmark</country>
                                </address>
                            </affiliation>
                        </author>
                        <author>
                            <affiliation key="aff3">
                                <orgName type="institution">University of Copenhagen</orgName>
                                <address>
                                    <country key="DK">Denmark</country>
                                </address>
                            </affiliation>
                        </author>
                        <title level="a" type="main">Trajectories of return to work among people on sick leave with mood or anxiety disorders: secondary analysis from a randomized controlled trial</title>
                    </analytic>
                    <monogr>
                        <imprint>
                            <date/>
                        </imprint>
                    </monogr>
                    <note>Corresponding author: Manuscript: 4006 words Abstract: 241 words</note>
                </biblStruct>
            </sourceDesc>
        </fileDesc>
        <profileDesc>
            <textClass>
                <keywords>
                    <term>Return to work</term>
                    <term>trajectories</term>
                    <term>mood disorder</term>
                    <term>anxiety disorder</term>
                </keywords>
            </textClass>
            <abstract>
                <p>Purpose: The return to work (RTW) of people with mood and anxiety disorders is a heterogeneous process. We aimed to identify prototypical trajectories of RTW over a two-year period in people on sick leave with mood and anxiety disorders, and investigate if socio-demographic or clinical factors predicted trajectory membership. Methods: We used data from the randomized IPS-MA trial (n=283), evaluating a supported employment intervention for participants with recently diagnosed mood or anxiety disorders. Information on " weeks in employment in the past six months " was measured after ½, 1, 1 ½ and 2 years, using data from a nationwide Danish register (DREAM). Latent growth mixture modelling analysis was carried out to identify trajectories of RTW and logistic regression analyses were used to estimate predictors for trajectory membership. Results: Four trajectory classes of RTW were identified; non-RTW (70% (196/283)) (practically no return to work); delayed-RTW (19% (56/283)) (six months delay before full RTW); rapid-unstable-RTW (7% (19/283)) (members rapidly returned to work, but only worked half the time); and the smallest class, rapid-RTW (4% (12/283)) (members rapidly reached full employment, but later experienced a decrease in weeks of employment). Self-reported disability score according to the SDS, not living with a partner, and readiness to change on the CQ scale were found to be significantly associated with RTW. Conclusion: The trajectories identified support that many do not benefit from vocational rehabilitation, or experience difficulties sustaining employment; enhanced support of this patient group is still warranted. Trial Registration: ClinicalTrials.gov: NCT01721824 Introduction Mood and anxiety disorders are often associated with substantial functional disabilities leading to reduced working capacity and early retirements(1,2). Consequently, interventions to improve the success of return to work (RTW) in this group of patients have in recent years been investigated in randomized trials(3–7), although the knowledge is still sparse. People with mood and anxiety disorders are a very diverse group of people with very heterogeneous courses of illness(8). Hence, one could speculate that the processes behind RTW might also be individual. Identifying trajectories of RTW for this group of people would be valuable in targeting RTW interventions, since people might need different support or treatment. The randomized trials provide valuable knowledge of the effect of interventions regarding rates of RTW (point prevalences) or time to RTW, but in order to get a more detailed picture of the RTW process, merely measuring point prevalences and time to RTW is not sufficient(9); the individual variation in the process and sustainability of return to work is not addressed, resulting in a loss of information(10). Not many studies have investigated trajectories of RTW among people with mental health problems. However, two longitudinal studies(9,11) investigated the return to work process in people</p>
            </abstract>
        </profileDesc>
    </teiHeader>
    <text xml:lang="en"/>
</TEI>