<?xml version="1.0" encoding="UTF-8" standalone="no"?><TEI xmlns="http://www.tei-c.org/ns/1.0" xmlns:xlink="http://www.w3.org/1999/xlink" xmlns:xsi="http://www.w3.org/2001/XMLSchema-instance" xsi:schemaLocation="http://www.tei-c.org/ns/1.0 /opt/grobid-home/schemas/xsd/Grobid.xsd">
    <teiHeader xml:lang="en">
        <encodingDesc>
            <appInfo>
                <application ident="GROBID" version="0.4.1" when="2018-10-23T08:54+0000">
                    <ref target="https://github.com/kermitt2/grobid">GROBID - A machine learning software for extracting information from scholarly documents</ref>
                </application>
            </appInfo>
        </encodingDesc>
        <fileDesc>
            <titleStmt>
                <title level="a" type="main">Running head: emotion recognition in people with autism Selective impairment of basic emotion recognition in people with autism: Discrimination thresholds for recognition of facial expressions of varying intensities Selective impairment of basic emotion recognition in people with autism: Discrimination thresholds for recognition of facial expressions of varying intensities</title>
            </titleStmt>
            <publicationStmt>
                <publisher/>
                <availability status="unknown">
                    <licence/>
                </availability>
            </publicationStmt>
            <sourceDesc>
                <biblStruct>
                    <analytic>
                        <author role="corresp" sequence="1">
                            <persName>
                                <forename type="first">Yongning</forename>
                                <surname>SONG</surname>
                            </persName>
                            <contact>
                                <email>ynsong@psy.ecnu.edu.cn</email>
                                <phone>Tel.: +86+13816517909;</phone>
                            </contact>
                            <affiliation key="aff1">
                                <orgName type="department">Faculty of Education</orgName>
                                <orgName type="institution">East China Normal University</orgName>
                                <address>
                                    <country key="CN">China</country>
                                </address>
                            </affiliation>
                            <affiliation key="aff2">
                                <orgName key="dep1" type="department">Key Laboratory of Brain Functional Genomics</orgName>
                                <orgName key="dep2" type="department">Shanghai Key Laboratory of Brain Functional Genomics</orgName>
                                <orgName key="dep3" type="department">School of Psychology and Cognitive Science</orgName>
                                <orgName key="instit1" type="institution">Ministry of Education</orgName>
                                <orgName key="instit2" type="institution">East China Normal University</orgName>
                                <address>
                                    <country key="CN">China</country>
                                </address>
                            </affiliation>
                            <affiliation key="aff4" role="corresp" sequence="1">
                                <orgName type="institution">Normal University</orgName>
                                <address>
                                    <postCode>200062</postCode>
                                    <settlement>Shanghai</settlement>
                                    <country key="CN">China</country>
                                </address>
                            </affiliation>
                        </author>
                        <author>
                            <persName>
                                <forename type="first">Yuji</forename>
                                <surname>HAKODA</surname>
                            </persName>
                            <affiliation key="aff3">
                                <orgName type="department">Faculty of Human Development and Education</orgName>
                                <orgName type="institution">Kyoto Women's University</orgName>
                                <address>
                                    <country key="JP">Japan</country>
                                </address>
                            </affiliation>
                        </author>
                        <title level="a" type="main">Running head: emotion recognition in people with autism Selective impairment of basic emotion recognition in people with autism: Discrimination thresholds for recognition of facial expressions of varying intensities Selective impairment of basic emotion recognition in people with autism: Discrimination thresholds for recognition of facial expressions of varying intensities</title>
                    </analytic>
                    <monogr>
                        <imprint>
                            <date/>
                        </imprint>
                    </monogr>
                    <note>* Corresponding author: Yongning SONG North Zhongshan Road 3663. School of Psychology and Cognitive Science, East China</note>
                </biblStruct>
            </sourceDesc>
        </fileDesc>
        <profileDesc>
            <textClass>
                <keywords>
                    <term>autism spectrum disorder</term>
                    <term>emotion</term>
                    <term>threshold</term>
                </keywords>
            </textClass>
            <abstract>
                <p>Autism Spectrum Disorders (ASD) are characterized by early onset qualitative impairments in reciprocal social development. However, whether individuals with ASD exhibit impaired recognition of facial expressions corresponding to basic emotions is debatable. To investigate subtle deficits in facial emotion recognition, we asked 14 children diagnosed with High-Functioning Autism (HFA)/AS and 17 typically developing peers to complete a new highly sensitive test of facial emotion recognition. The test stimuli comprised faces expressing increasing degrees of emotional intensity that slowly changed from a neutral to a full-intensity happiness, sadness, surprise, anger, disgust, or fear expression. We assessed individual differences in the intensity of stimuli required to make accurate judgments about emotional expressions. We found that, different emotions had different identification thresholds and the two groups were generally similar in terms of the sequence of discrimination threshold of six basic expressions. It was easier for individuals in both groups to identify emotions that were relatively fully expressed (e.g., intensity &gt; 50%). Compared with control participants, children with ASD generally required stimuli with significantly greater intensity for the correct identification of anger, disgust, and fear expressions. These results suggest that individuals with ASD do not have a general but rather a selective impairment in basic emotion recognition. Abstract:</p>
            </abstract>
        </profileDesc>
    </teiHeader>
    <text xml:lang="en"/>
</TEI>