<?xml version="1.0" encoding="UTF-8" standalone="no"?><TEI xmlns="http://www.tei-c.org/ns/1.0" xmlns:xlink="http://www.w3.org/1999/xlink" xmlns:xsi="http://www.w3.org/2001/XMLSchema-instance" xsi:schemaLocation="http://www.tei-c.org/ns/1.0 /opt/grobid-home/schemas/xsd/Grobid.xsd">
    <teiHeader xml:lang="en">
        <encodingDesc>
            <appInfo>
                <application ident="GROBID" version="0.4.1" when="2018-10-23T06:50+0000">
                    <ref target="https://github.com/kermitt2/grobid">GROBID - A machine learning software for extracting information from scholarly documents</ref>
                </application>
            </appInfo>
        </encodingDesc>
        <fileDesc>
            <titleStmt>
                <title level="a" type="main">Chromium adsorption into a macroporous resin based on vinylpyridine-divinylbenzene copolymers: thermodynamics, kinetics, and process dynamic in a fixed bed column</title>
            </titleStmt>
            <publicationStmt>
                <publisher/>
                <availability status="unknown">
                    <licence/>
                </availability>
            </publicationStmt>
            <sourceDesc>
                <biblStruct>
                    <analytic>
                        <author role="corresp" sequence="1">
                            <persName>
                                <forename type="first">José</forename>
                                <forename type="middle">Antonio</forename>
                                <surname>Arcos-Casarrubias</surname>
                            </persName>
                            <contact>
                                <email>jaacasarrubias@hotmail.com</email>
                            </contact>
                            <affiliation key="aff1">
                                <orgName type="department">División de Ingeniería Química y Bioquímica</orgName>
                                <orgName type="institution">Tecnológico de Estudios Superiores de Ecatepec</orgName>
                                <address>
                                    <addrLine>Av. Tecnológico s/n</addrLine>
                                    <postCode>55210</postCode>
                                    <settlement>Ecatepec, Edo. de México</settlement>
                                    <country key="MX">México</country>
                                </address>
                            </affiliation>
                        </author>
                        <author>
                            <persName>
                                <forename type="first">Martín</forename>
                                <forename type="middle">R.</forename>
                                <surname>Cruz-Díaz</surname>
                            </persName>
                            <affiliation key="aff1">
                                <orgName type="department">División de Ingeniería Química y Bioquímica</orgName>
                                <orgName type="institution">Tecnológico de Estudios Superiores de Ecatepec</orgName>
                                <address>
                                    <addrLine>Av. Tecnológico s/n</addrLine>
                                    <postCode>55210</postCode>
                                    <settlement>Ecatepec, Edo. de México</settlement>
                                    <country key="MX">México</country>
                                </address>
                            </affiliation>
                            <affiliation key="aff2">
                                <orgName type="department">Departamento de Ingeniería y Tecnología</orgName>
                                <orgName key="instit1" type="institution">Universidad Nacional Autónoma de México</orgName>
                                <orgName key="instit2" type="institution">Facultad de Estudios Superiores Cuautitlán Campo Uno</orgName>
                                <address>
                                    <addrLine>Av. Primero de Mayo, Cuautitlán Izcalli</addrLine>
                                    <postCode>C.P. 54740</postCode>
                                    <settlement>Edo. de México</settlement>
                                    <country key="MX">México</country>
                                </address>
                            </affiliation>
                        </author>
                        <author>
                            <persName>
                                <forename type="first">Judith</forename>
                                <surname>Cardoso-Martínez</surname>
                            </persName>
                            <affiliation key="aff3">
                                <orgName type="department">Departamento de Física</orgName>
                                <orgName type="institution">Universidad Autónoma Metropolitana-Iztapalapa</orgName>
                                <address>
                                    <addrLine>av. San Rafael Atlixco No. 186, México</addrLine>
                                    <postCode>C. P. 09340</postCode>
                                    <region>D. F</region>
                                </address>
                            </affiliation>
                        </author>
                        <author>
                            <persName>
                                <forename type="first">Jorge</forename>
                                <surname>Vázquez-Arenas</surname>
                            </persName>
                            <affiliation key="aff4">
                                <orgName type="department">Centro Mexicano para la Producción más Limpia</orgName>
                                <orgName type="institution">Instituto Politécnico Nacional</orgName>
                                <address>
                                    <addrLine>Av. Acueducto s/n, Col. La Laguna Ticomán</addrLine>
                                    <postCode>07340</postCode>
                                    <settlement>Ciudad de México</settlement>
                                    <country key="MX">México</country>
                                </address>
                            </affiliation>
                        </author>
                        <author>
                            <persName>
                                <forename type="first">Francisco</forename>
                                <forename type="middle">Vidal</forename>
                                <surname>Caballero-Domínguez</surname>
                            </persName>
                            <affiliation key="aff1">
                                <orgName type="department">División de Ingeniería Química y Bioquímica</orgName>
                                <orgName type="institution">Tecnológico de Estudios Superiores de Ecatepec</orgName>
                                <address>
                                    <addrLine>Av. Tecnológico s/n</addrLine>
                                    <postCode>55210</postCode>
                                    <settlement>Ecatepec, Edo. de México</settlement>
                                    <country key="MX">México</country>
                                </address>
                            </affiliation>
                        </author>
                        <title level="a" type="main">Chromium adsorption into a macroporous resin based on vinylpyridine-divinylbenzene copolymers: thermodynamics, kinetics, and process dynamic in a fixed bed column</title>
                    </analytic>
                    <monogr>
                        <imprint>
                            <date/>
                        </imprint>
                    </monogr>
                </biblStruct>
            </sourceDesc>
        </fileDesc>
        <profileDesc>
            <textClass>
                <keywords>
                    <term>vinylpyridine-divinylbenzene copolymer</term>
                    <term>Chromium adsorption</term>
                    <term>mathematical modelling</term>
                    <term>fixed bed column</term>
                    <term>Density Functional Theory</term>
                </keywords>
            </textClass>
            <abstract>
                <p>The synthesis of the poly(4-vinylpyridine-co-ethylvinylbenzene) resin is investigated and its performance to remove Cr(VI) from aqueous solutions is evaluated as a function of pH using batch and fixed bed column adsorptions. The rate of Cr(VI) removal is observed to increase as the pH solution shifts to acidic conditions due to an enhanced protonation of the 4-vinylpyridine group in the polymer, which favors its electrostatic attraction with Cr(VI) oxyanions. This finding is supported with Density Functional Theory (DFT) calculations, revealing that the interaction between CrO 4 2-(predominant species at pH &lt; 6) and protonated 4VP is more favorable than a bond formed with HCrO 4-species (pH &gt; 6) due to a higher charge delocalization arising in the O atoms. Experimental isotherms are approximated with the Langmuir and Radke-Prausnitz adsorption models. This former approach generates the best fitting to the data, whereby it was incorporated into a nonlinear transient model to account for the Cr(VI) adsorption in a fixed bed, and evaluating its capacity to predict experimental adsorption data. The model enables to infer that the resin presents a fast kinetic for Cr(VI) sorption, and the Cr(VI) intra-particle diffusion across the adsorbent pores is the rate-determining step for sorption. Abbreviations: : area of transversal section of the column (cm 2) s A : mass transfer specific area (cm-1) e a : the equilibrium molar concentrations in the liquid phase (mg Cr/L) e C : the initial molar concentrations in the liquid phase (mg Cr/L) 0 C : concentration of Cr(VI) in the bulk fluid phase (mg/L) Cr C : feed concentration of Cr(VI) in the bulk fluid phase (mg/L) 0 Cr C : concentration of Cr(VI) in the layer (mg/L)   cr C  : the effluent Cr(VI) concentrations through the bed (mg/L) t C : axial dispersion coefficient in the fluid phase (cm 2 /min) ax D : equivalent diameter of the adsorbent particle (cm) p d : molecular diffusivity of Cr(VI) (cm 2 /min) m D : volumetric flow rate (cm 3 /min) F : mass flux (g/cm 2 min) G : mass transfer coefficient in external liquid film (cm/min) f k : constant related to the free adsorption energy (L mg-1) L K : mass transfer coefficient in the adsorbent (min-1) s k : fixed bed length (cm) c L : Radke-Prausnitz constant RPIII K : mass of resin (g) m : dimensionless exponent n : number of experimental data points s n : water swelling capacity Q : average concentration of Cr(VI) adsorbed in the adsorbent (mg/g) q : amount of chromium adsorbed per unit weight of resin at equilibrium (mg g-1) e q : maximal adsorption capacity (mg g-1) max q : Constant Radke-Prausnitz mRPIII q : total Cr(VI) adsorbed on the copolymer at different time (mg g-1) t q : chromium adsorption rate (g/g min) ads r : least squared error function S : time (min) t : velocity (cm/min) u : volume of the solution (L) V</p>
            </abstract>
        </profileDesc>
    </teiHeader>
    <text xml:lang="en"/>
</TEI>