<?xml version="1.0" encoding="UTF-8" standalone="no"?><TEI xmlns="http://www.tei-c.org/ns/1.0" xmlns:xlink="http://www.w3.org/1999/xlink" xmlns:xsi="http://www.w3.org/2001/XMLSchema-instance" xsi:schemaLocation="http://www.tei-c.org/ns/1.0 /opt/grobid-home/schemas/xsd/Grobid.xsd">
    <teiHeader xml:lang="en">
        <encodingDesc>
            <appInfo>
                <application ident="GROBID" version="0.4.1" when="2018-10-23T06:51+0000">
                    <ref target="https://github.com/kermitt2/grobid">GROBID - A machine learning software for extracting information from scholarly documents</ref>
                </application>
            </appInfo>
        </encodingDesc>
        <fileDesc>
            <titleStmt>
                <title level="a" type="main">Manuscript Title: Rural-Urban Differences in Surgical Treatment, Regional Lymph Node Examination and Survival in Endometrial Cancer Patients</title>
            </titleStmt>
            <publicationStmt>
                <publisher/>
                <availability status="unknown">
                    <licence/>
                </availability>
            </publicationStmt>
            <sourceDesc>
                <biblStruct>
                    <analytic>
                        <author role="corresp" sequence="1">
                            <persName>
                                <forename type="first">Whitney</forename>
                                <forename type="middle">E.</forename>
                                <surname>Zahnd</surname>
                                <authordegree>MS</authordegree>
                            </persName>
                            <contact>
                                <email>wzahnd@siumed.edu</email>
                            </contact>
                            <affiliation key="aff1">
                                <orgName type="department">Office of Population Science and Policy</orgName>
                                <orgName type="institution">Southern Illinois University School of Medicine</orgName>
                                <address>
                                    <settlement>Springfield</settlement>
                                    <region>IL</region>
                                </address>
                            </affiliation>
                            <affiliation key="aff6" role="corresp" sequence="2">
                                <address>
                                    <addrLine>201 E. Madison St Rm. 235</addrLine>
                                    <postBox>PO Box 19664</postBox>
                                    <postCode>62794-9664</postCode>
                                    <settlement>Springfield</settlement>
                                    <region>IL</region>
                                </address>
                            </affiliation>
                        </author>
                        <author>
                            <persName>
                                <forename type="first">Katherine</forename>
                                <forename type="middle">S.</forename>
                                <surname>Hyon</surname>
                                <authordegree>MD</authordegree>
                            </persName>
                            <affiliation key="aff2">
                                <orgName type="department">Department of Obstetrics and Gynecology</orgName>
                                <orgName type="institution">Southern Illinois University School of Medicine</orgName>
                                <address>
                                    <settlement>Springfield</settlement>
                                    <region>IL</region>
                                </address>
                            </affiliation>
                        </author>
                        <author>
                            <persName>
                                <forename type="first">Paula</forename>
                                <surname>Diaz-Sylvester</surname>
                                <authordegree>PhD</authordegree>
                            </persName>
                            <affiliation key="aff2">
                                <orgName type="department">Department of Obstetrics and Gynecology</orgName>
                                <orgName type="institution">Southern Illinois University School of Medicine</orgName>
                                <address>
                                    <settlement>Springfield</settlement>
                                    <region>IL</region>
                                </address>
                            </affiliation>
                            <affiliation key="aff3">
                                <orgName type="department">Center for Clinical Research</orgName>
                                <orgName type="institution">Southern Illinois University School of Medicine</orgName>
                                <address>
                                    <settlement>Springfield</settlement>
                                    <region>IL</region>
                                </address>
                            </affiliation>
                        </author>
                        <author>
                            <persName>
                                <forename type="first">Sonya</forename>
                                <forename type="middle">R.</forename>
                                <surname>Izadi</surname>
                                <authordegree>BA</authordegree>
                            </persName>
                            <affiliation key="aff4">
                                <orgName key="dep1" type="department">Division of Public Health Sciences</orgName>
                                <orgName key="dep2" type="department">Department of Surgery</orgName>
                                <orgName type="institution">Washington University School of Medicine</orgName>
                                <address>
                                    <settlement>St. Louis</settlement>
                                    <region>MO</region>
                                </address>
                            </affiliation>
                        </author>
                        <author>
                            <persName>
                                <forename type="first">Graham</forename>
                                <forename type="middle">A.</forename>
                                <surname>Colditz</surname>
                                <authordegree>MD, DrPH</authordegree>
                            </persName>
                            <affiliation key="aff4">
                                <orgName key="dep1" type="department">Division of Public Health Sciences</orgName>
                                <orgName key="dep2" type="department">Department of Surgery</orgName>
                                <orgName type="institution">Washington University School of Medicine</orgName>
                                <address>
                                    <settlement>St. Louis</settlement>
                                    <region>MO</region>
                                </address>
                            </affiliation>
                        </author>
                        <author>
                            <persName>
                                <forename type="first">Laurent</forename>
                                <surname>Brard</surname>
                                <authordegree>MD, PhD</authordegree>
                            </persName>
                            <affiliation key="aff2">
                                <orgName type="department">Department of Obstetrics and Gynecology</orgName>
                                <orgName type="institution">Southern Illinois University School of Medicine</orgName>
                                <address>
                                    <settlement>Springfield</settlement>
                                    <region>IL</region>
                                </address>
                            </affiliation>
                            <affiliation key="aff5" role="corresp" sequence="1">
                                <orgName type="institution">Simmons Cancer Institute at SIU</orgName>
                                <address>
                                    <settlement>Springfield</settlement>
                                    <region>IL</region>
                                </address>
                            </affiliation>
                        </author>
                        <miscellaneous>
                            <phone>Phone:(217)545-2428 Fax:(217)545-0799</phone>
                        </miscellaneous>
                        <title level="a" type="main">Manuscript Title: Rural-Urban Differences in Surgical Treatment, Regional Lymph Node Examination and Survival in Endometrial Cancer Patients</title>
                    </analytic>
                    <monogr>
                        <imprint>
                            <date/>
                        </imprint>
                    </monogr>
                    <note>Correspondence: Acknowledgements: Research reported in this manuscript was supported by the National Cancer Institute (NCI) of the National Institutes of Health (NIH) under award number P20CA192987 (Dr. Laurent Brard) and P20CA192966 (Ms. Sonya Izadi and Dr. Graham Colditz).</note>
                </biblStruct>
            </sourceDesc>
        </fileDesc>
        <profileDesc>
            <abstract>
                <p>Purpose: Endometrial cancer (EC) is the most common gynecological malignancy and one of few cancers with an increasing US mortality rate. Rural patients may have less access to specialty care affecting their receipt of surgery and adequate lymphadenectomy (AL). We sought to assess rural-urban differences in EC surgery, lymphadenectomy and survival. Methods: We analyzed data from the Surveillance Epidemiology and End Results database on EC patients (2004-2013). We performed univariate analyses to compare rural and urban patients on demographic and clinical characteristics and receipt of nodal examination and AL. We assessed rural-urban differences in trends of receipt of AL, performed logistic regression to evaluate differences in receipt of surgery, nodal examination, and AL, and performed survival analysis. Results: Rural patients were less likely to have any lymph nodes removed, had a smaller median number removed and a smaller proportion had AL. Even after controlling for established risk factors, rural patients had lower odds of lymph node examination and adequate AL than urban patients and also had poorer survival. Conclusions: Future research should continue to assess the association between access to care and disparities in surgical care and the effect of these disparities on survival. Introduction Endometrial cancer is the most common gynecological malignancy. In 2017, it is expected that 61,380 women will be diagnosed with the disease and 10,920 women will die in the United States [1]. The 2017 Annual Report to the Nation on the Status of Cancer reports that endometrial cancer is one of only a few cancers in the United States where mortality rates are on the rise [2]. As there is no screening modality for endometrial cancer, patients are diagnosed upon presenting with symptoms, most commonly abnormal uterine bleeding and vaginal discharge [3]. The current standard for diagnostic evaluation includes an endometrial biopsy, pelvic ultrasound or dilation and curettage, with the gold standard being hysteroscopic-guided endometrial sampling [4]. Pathological evaluation of an endometrial biopsy is an effective and accurate approach to detect endometrial cancer, with a reported detection rate of 99.6 % [4].</p>
            </abstract>
        </profileDesc>
    </teiHeader>
    <text xml:lang="en"/>
</TEI>