<?xml version="1.0" encoding="UTF-8" standalone="no"?><TEI xmlns="http://www.tei-c.org/ns/1.0" xmlns:xlink="http://www.w3.org/1999/xlink" xmlns:xsi="http://www.w3.org/2001/XMLSchema-instance" xsi:schemaLocation="http://www.tei-c.org/ns/1.0 /opt/grobid-home/schemas/xsd/Grobid.xsd">
    <teiHeader xml:lang="en">
        <encodingDesc>
            <appInfo>
                <application ident="GROBID" version="0.4.1" when="2018-10-23T06:49+0000">
                    <ref target="https://github.com/kermitt2/grobid">GROBID - A machine learning software for extracting information from scholarly documents</ref>
                </application>
            </appInfo>
        </encodingDesc>
        <fileDesc>
            <titleStmt>
                <title level="a" type="main">Trends in prostate cancer incidence between 1996 and 2013 in two Swiss regions by age, grade and T-stage</title>
            </titleStmt>
            <publicationStmt>
                <publisher/>
                <availability status="unknown">
                    <licence/>
                </availability>
            </publicationStmt>
            <sourceDesc>
                <biblStruct>
                    <analytic>
                        <author role="corresp" sequence="1">
                            <persName>
                                <forename type="first">Miriam</forename>
                                <surname>Wanner</surname>
                            </persName>
                            <contact>
                                <email>miriam.wanner@uzh.ch</email>
                                <phone>Telephone: +41432530223 Fax: +41442555636</phone>
                            </contact>
                            <affiliation key="aff1">
                                <orgName type="department">Cancer Registry Zurich and Zug</orgName>
                                <orgName type="institution">University Hospital Zurich</orgName>
                                <address>
                                    <addrLine>Vogelsangstrasse 10</addrLine>
                                    <postCode>8091</postCode>
                                    <settlement>Zurich</settlement>
                                    <country key="CH">Switzerland</country>
                                </address>
                            </affiliation>
                            <affiliation key="aff2">
                                <orgName type="department">Biostatistics and Prevention Institute</orgName>
                                <orgName type="institution">University of Zurich</orgName>
                                <address>
                                    <addrLine>Hirschengraben 82</addrLine>
                                    <postCode>8001</postCode>
                                    <settlement>Zurich</settlement>
                                    <country key="CH">Switzerland</country>
                                </address>
                            </affiliation>
                        </author>
                        <author>
                            <persName>
                                <forename type="first">Aline</forename>
                                <surname>Richard</surname>
                            </persName>
                            <affiliation key="aff2">
                                <orgName type="department">Biostatistics and Prevention Institute</orgName>
                                <orgName type="institution">University of Zurich</orgName>
                                <address>
                                    <addrLine>Hirschengraben 82</addrLine>
                                    <postCode>8001</postCode>
                                    <settlement>Zurich</settlement>
                                    <country key="CH">Switzerland</country>
                                </address>
                            </affiliation>
                        </author>
                        <author>
                            <persName>
                                <forename type="first">Katarina</forename>
                                <surname>Matthes</surname>
                            </persName>
                            <affiliation key="aff1">
                                <orgName type="department">Cancer Registry Zurich and Zug</orgName>
                                <orgName type="institution">University Hospital Zurich</orgName>
                                <address>
                                    <addrLine>Vogelsangstrasse 10</addrLine>
                                    <postCode>8091</postCode>
                                    <settlement>Zurich</settlement>
                                    <country key="CH">Switzerland</country>
                                </address>
                            </affiliation>
                            <affiliation key="aff2">
                                <orgName type="department">Biostatistics and Prevention Institute</orgName>
                                <orgName type="institution">University of Zurich</orgName>
                                <address>
                                    <addrLine>Hirschengraben 82</addrLine>
                                    <postCode>8001</postCode>
                                    <settlement>Zurich</settlement>
                                    <country key="CH">Switzerland</country>
                                </address>
                            </affiliation>
                        </author>
                        <author>
                            <persName>
                                <forename type="first">Laura</forename>
                                <surname>Ortelli</surname>
                            </persName>
                            <affiliation key="aff3">
                                <orgName key="dep1" type="department">Ticino Cancer Registry</orgName>
                                <orgName key="dep2" type="department">Institute of Pathology</orgName>
                                <address>
                                    <addrLine>Via in Selva 24</addrLine>
                                    <postCode>6600</postCode>
                                    <settlement>Locarno</settlement>
                                    <country key="CH">Switzerland</country>
                                </address>
                            </affiliation>
                        </author>
                        <author>
                            <persName>
                                <forename type="first">Matthias</forename>
                                <surname>Lorez</surname>
                            </persName>
                            <affiliation key="aff4">
                                <orgName type="institution">National Institute for Cancer Epidemiology and Registration (NICER)</orgName>
                                <address>
                                    <addrLine>Hirschengraben 82</addrLine>
                                    <postCode>8001</postCode>
                                    <settlement>Zurich</settlement>
                                    <country key="CH">Switzerland</country>
                                </address>
                            </affiliation>
                        </author>
                        <author>
                            <persName>
                                <forename type="first">Dimitri</forename>
                                <surname>Korol</surname>
                            </persName>
                            <affiliation key="aff1">
                                <orgName type="department">Cancer Registry Zurich and Zug</orgName>
                                <orgName type="institution">University Hospital Zurich</orgName>
                                <address>
                                    <addrLine>Vogelsangstrasse 10</addrLine>
                                    <postCode>8091</postCode>
                                    <settlement>Zurich</settlement>
                                    <country key="CH">Switzerland</country>
                                </address>
                            </affiliation>
                        </author>
                        <author>
                            <persName>
                                <forename type="first">Andrea</forename>
                                <surname>Bordoni</surname>
                            </persName>
                            <affiliation key="aff3">
                                <orgName key="dep1" type="department">Ticino Cancer Registry</orgName>
                                <orgName key="dep2" type="department">Institute of Pathology</orgName>
                                <address>
                                    <addrLine>Via in Selva 24</addrLine>
                                    <postCode>6600</postCode>
                                    <settlement>Locarno</settlement>
                                    <country key="CH">Switzerland</country>
                                </address>
                            </affiliation>
                        </author>
                        <author>
                            <persName>
                                <forename type="first">Sabine</forename>
                                <surname>Rohrmann</surname>
                            </persName>
                            <affiliation key="aff1">
                                <orgName type="department">Cancer Registry Zurich and Zug</orgName>
                                <orgName type="institution">University Hospital Zurich</orgName>
                                <address>
                                    <addrLine>Vogelsangstrasse 10</addrLine>
                                    <postCode>8091</postCode>
                                    <settlement>Zurich</settlement>
                                    <country key="CH">Switzerland</country>
                                </address>
                            </affiliation>
                            <affiliation key="aff2">
                                <orgName type="department">Biostatistics and Prevention Institute</orgName>
                                <orgName type="institution">University of Zurich</orgName>
                                <address>
                                    <addrLine>Hirschengraben 82</addrLine>
                                    <postCode>8001</postCode>
                                    <settlement>Zurich</settlement>
                                    <country key="CH">Switzerland</country>
                                </address>
                            </affiliation>
                        </author>
                        <title level="a" type="main">Trends in prostate cancer incidence between 1996 and 2013 in two Swiss regions by age, grade and T-stage</title>
                    </analytic>
                    <monogr>
                        <imprint>
                            <date/>
                        </imprint>
                    </monogr>
                    <note>Corresponding author:</note>
                </biblStruct>
            </sourceDesc>
        </fileDesc>
        <profileDesc>
            <textClass>
                <keywords>
                    <term>prostate cancer</term>
                    <term>Switzerland</term>
                    <term>time trend</term>
                    <term>staging</term>
                    <term>grading</term>
                </keywords>
            </textClass>
            <abstract>
                <p>Word count Abstract: 200 Word count main text: 3547 Abstract Purpose To investigate differences in prostate cancer incidence between two distinct Swiss regions from 1996 to 2013 stratified by age group, grade and T-stage. Methods The dataset included 17,495 men living in Zurich and 3,505 men living in Ticino, diagnosed with prostate cancer between 1996 and 2013. We computed age-standardized incidence rates per 100,000 person-years using the European Standard Population. Trends were assessed using JoinPoint regression analysis Software. Results Age-standardized incidence rates were generally higher in Zurich compared to Ticino but the difference decreased over time. Incidence rates increased significantly up to 2002 in Zurich and 2007 in Ticino and then decreased. A statistically significant increase was observed for men aged &lt;65 years, for grade 3 tumors, and for T-stage 2 and 3 tumors. The largest decrease was seen for grade 1 tumors. Furthermore, the incidence of tumors of unknown grade or T-stage decreased significantly in both regions. Conclusions The trends in prostate cancer incidence rates were similar in both regions, although on a higher level in Zurich compared to Ticino. However, the difference decreased over time. The distribution of T-stage and grade did not explain the difference in incidence rates. Different use of opportunistic screening may play a role.</p>
            </abstract>
        </profileDesc>
    </teiHeader>
    <text xml:lang="en"/>
</TEI>