<?xml version="1.0" encoding="UTF-8" standalone="no"?><TEI xmlns="http://www.tei-c.org/ns/1.0" xmlns:xlink="http://www.w3.org/1999/xlink" xmlns:xsi="http://www.w3.org/2001/XMLSchema-instance" xsi:schemaLocation="http://www.tei-c.org/ns/1.0 /opt/grobid-home/schemas/xsd/Grobid.xsd">
    <teiHeader xml:lang="en">
        <encodingDesc>
            <appInfo>
                <application ident="GROBID" version="0.4.1" when="2018-10-23T06:49+0000">
                    <ref target="https://github.com/kermitt2/grobid">GROBID - A machine learning software for extracting information from scholarly documents</ref>
                </application>
            </appInfo>
        </encodingDesc>
        <fileDesc>
            <titleStmt>
                <title level="a" type="main">Anthropometric characteristics and ovarian cancer risk and survival</title>
            </titleStmt>
            <publicationStmt>
                <publisher/>
                <availability status="unknown">
                    <licence/>
                </availability>
            </publicationStmt>
            <sourceDesc>
                <biblStruct>
                    <analytic>
                        <author>
                            <persName>
                                <forename type="first">Albina</forename>
                                <forename type="middle">N.</forename>
                                <surname>Minlikeeva</surname>
                            </persName>
                            <affiliation key="aff1">
                                <orgName type="department">Department of Cancer Prevention &amp; Control</orgName>
                                <orgName type="institution">Roswell Park Cancer Institute</orgName>
                                <address>
                                    <settlement>Buffalo</settlement>
                                    <region>NY</region>
                                </address>
                            </affiliation>
                        </author>
                        <author role="corresp" sequence="1">
                            <persName>
                                <forename type="first">Kirsten</forename>
                                <forename type="middle">B.</forename>
                                <surname>Moysich</surname>
                            </persName>
                            <contact>
                                <email>kirsten.moysich@roswellpark.org</email>
                                <phone>Phone: 1-716-845-8004; Fax 1-716-845-1126.</phone>
                            </contact>
                            <affiliation key="aff1">
                                <orgName type="department">Department of Cancer Prevention &amp; Control</orgName>
                                <orgName type="institution">Roswell Park Cancer Institute</orgName>
                                <address>
                                    <settlement>Buffalo</settlement>
                                    <region>NY</region>
                                </address>
                            </affiliation>
                            <affiliation key="aff9" role="corresp" sequence="1">
                                <orgName type="institution">Roswell Park Cancer Institute</orgName>
                                <address>
                                    <addrLine>Elm and Carlton Streets</addrLine>
                                    <postCode>14263</postCode>
                                    <settlement>Buffalo</settlement>
                                    <region>NY</region>
                                </address>
                            </affiliation>
                        </author>
                        <author>
                            <persName>
                                <forename type="first">Paul</forename>
                                <forename type="middle">C.</forename>
                                <surname>Mayor</surname>
                            </persName>
                            <affiliation key="aff2">
                                <orgName type="department">Department of Gynecological Oncology</orgName>
                                <orgName type="institution">Roswell Park Cancer Institute</orgName>
                                <address>
                                    <settlement>Buffalo</settlement>
                                    <region>NY</region>
                                </address>
                            </affiliation>
                        </author>
                        <author>
                            <persName>
                                <forename type="first">John</forename>
                                <forename type="middle">L.</forename>
                                <surname>Etter</surname>
                            </persName>
                            <affiliation key="aff1">
                                <orgName type="department">Department of Cancer Prevention &amp; Control</orgName>
                                <orgName type="institution">Roswell Park Cancer Institute</orgName>
                                <address>
                                    <settlement>Buffalo</settlement>
                                    <region>NY</region>
                                </address>
                            </affiliation>
                        </author>
                        <author>
                            <persName>
                                <forename type="first">Rikki</forename>
                                <forename type="middle">A.</forename>
                                <surname>Cannioto</surname>
                            </persName>
                            <affiliation key="aff1">
                                <orgName type="department">Department of Cancer Prevention &amp; Control</orgName>
                                <orgName type="institution">Roswell Park Cancer Institute</orgName>
                                <address>
                                    <settlement>Buffalo</settlement>
                                    <region>NY</region>
                                </address>
                            </affiliation>
                        </author>
                        <author>
                            <persName>
                                <forename type="first">Roberta</forename>
                                <forename type="middle">B.</forename>
                                <surname>Ness</surname>
                            </persName>
                            <affiliation key="aff3">
                                <orgName type="institution">The University of Texas School of Public Health</orgName>
                                <address>
                                    <settlement>Houston</settlement>
                                    <region>TX</region>
                                </address>
                            </affiliation>
                        </author>
                        <author>
                            <persName>
                                <forename type="first">Kristen</forename>
                                <surname>Starbuck</surname>
                            </persName>
                            <affiliation key="aff2">
                                <orgName type="department">Department of Gynecological Oncology</orgName>
                                <orgName type="institution">Roswell Park Cancer Institute</orgName>
                                <address>
                                    <settlement>Buffalo</settlement>
                                    <region>NY</region>
                                </address>
                            </affiliation>
                        </author>
                        <author>
                            <persName>
                                <forename type="first">Robert</forename>
                                <forename type="middle">P.</forename>
                                <surname>Edwards</surname>
                            </persName>
                            <affiliation key="aff4">
                                <orgName key="dep1" type="department">Ovarian Cancer Center of Excellence</orgName>
                                <orgName key="dep2" type="department">Womens Cancer Research Program</orgName>
                                <orgName key="dep3" type="department">Magee-Womens Research Institute</orgName>
                                <orgName type="institution">University of Pittsburgh Cancer Institute</orgName>
                                <address>
                                    <settlement>Pittsburgh</settlement>
                                    <region>PA</region>
                                </address>
                            </affiliation>
                        </author>
                        <author>
                            <persName>
                                <forename type="first">Brahm</forename>
                                <forename type="middle">H.</forename>
                                <surname>Segal</surname>
                            </persName>
                            <affiliation key="aff5">
                                <orgName type="department">Department of Medicine and Immunology</orgName>
                                <orgName type="institution">Roswell Park Cancer Institute</orgName>
                                <address>
                                    <settlement>Buffalo</settlement>
                                    <region>NY</region>
                                </address>
                            </affiliation>
                        </author>
                        <author>
                            <persName>
                                <forename type="first">Sashikant</forename>
                                <surname>Lele</surname>
                            </persName>
                            <affiliation key="aff2">
                                <orgName type="department">Department of Gynecological Oncology</orgName>
                                <orgName type="institution">Roswell Park Cancer Institute</orgName>
                                <address>
                                    <settlement>Buffalo</settlement>
                                    <region>NY</region>
                                </address>
                            </affiliation>
                        </author>
                        <author>
                            <persName>
                                <forename type="first">Kunle</forename>
                                <surname>Odunsi</surname>
                            </persName>
                            <affiliation key="aff2">
                                <orgName type="department">Department of Gynecological Oncology</orgName>
                                <orgName type="institution">Roswell Park Cancer Institute</orgName>
                                <address>
                                    <settlement>Buffalo</settlement>
                                    <region>NY</region>
                                </address>
                            </affiliation>
                        </author>
                        <author>
                            <persName>
                                <forename type="first">Brenda</forename>
                                <surname>Diergaarde</surname>
                            </persName>
                            <affiliation key="aff6">
                                <orgName key="dep1" type="department">Department of Human Genetics</orgName>
                                <orgName key="dep2" type="department">Graduate School of Public Health</orgName>
                                <orgName key="instit1" type="institution">University of Pittsburgh</orgName>
                                <orgName key="instit2" type="institution">University of Pittsburgh Cancer Institute</orgName>
                                <address>
                                    <settlement>Pittsburgh</settlement>
                                    <region>PA</region>
                                </address>
                            </affiliation>
                        </author>
                        <author>
                            <persName>
                                <forename type="first">Francesmary</forename>
                                <surname>Modugno</surname>
                            </persName>
                            <affiliation key="aff4">
                                <orgName key="dep1" type="department">Ovarian Cancer Center of Excellence</orgName>
                                <orgName key="dep2" type="department">Womens Cancer Research Program</orgName>
                                <orgName key="dep3" type="department">Magee-Womens Research Institute</orgName>
                                <orgName type="institution">University of Pittsburgh Cancer Institute</orgName>
                                <address>
                                    <settlement>Pittsburgh</settlement>
                                    <region>PA</region>
                                </address>
                            </affiliation>
                            <affiliation key="aff7">
                                <orgName key="dep1" type="department">Division of Gynecologic Oncology</orgName>
                                <orgName key="dep2" type="department">Department of Obstetrics, Gynecology and Reproductive Sciences</orgName>
                                <orgName type="institution">University of Pittsburgh School of Medicine</orgName>
                                <address>
                                    <settlement>Pittsburgh</settlement>
                                    <region>PA</region>
                                </address>
                            </affiliation>
                            <affiliation key="aff8">
                                <orgName type="department">Department of Epidemiology</orgName>
                                <orgName type="institution">University of Pittsburgh Graduate School of Public Health</orgName>
                                <address>
                                    <settlement>Pittsburgh</settlement>
                                    <region>PA</region>
                                </address>
                            </affiliation>
                        </author>
                        <author>
                            <persName>
                                <forename type="first">A-352</forename>
                                <forename type="middle">Carlton</forename>
                                <surname>House</surname>
                            </persName>
                            <affiliation key="aff9" role="corresp" sequence="1">
                                <orgName type="institution">Roswell Park Cancer Institute</orgName>
                                <address>
                                    <addrLine>Elm and Carlton Streets</addrLine>
                                    <postCode>14263</postCode>
                                    <settlement>Buffalo</settlement>
                                    <region>NY</region>
                                </address>
                            </affiliation>
                        </author>
                        <title level="a" type="main">Anthropometric characteristics and ovarian cancer risk and survival</title>
                    </analytic>
                    <monogr>
                        <imprint>
                            <date/>
                        </imprint>
                    </monogr>
                    <note>+ These authors contributed equally Corresponding author: Running title: Anthropometry and ovarian cancer Conflict of interest: The authors declare that they have no conflict of interest. Financial support: A.N.Minlikeeva was supported by NIH/NCI 4R25CA113951 and NIH/NCI P50CA159981; K.B.Moysich was supported by NIH/NCI P50CA159981, NIH/NCI 5R01CA188900, and the Roswell Park Alliance; B.H.Segal, J.L.Etter were supported by NIH/NCI 5R01CA188900, NIH/NCI P50CA159981; B. Diergaarde, F. Modugno, and R. Ness were supported by NIH/NCI R01CA095023, NIH/NCI R01CA126841, and NIH/NCI P50CA159981; K. Odunsi was supported by the Roswell Park Alliance Foundation and NIH/NCI P50CA159981; F. Modugno was supported by the US Army Medical Research and Materiel Command DAMD17-02-01-0669 and NIH/NCI P50CA159981; J.B. Szender, K.Starbuck, and P.C. Mayor were supported by the NIH T32 training grant T32CA108456;</note>
                </biblStruct>
            </sourceDesc>
        </fileDesc>
        <profileDesc>
            <textClass>
                <keywords>
                    <term>height</term>
                    <term>weight</term>
                    <term>height change</term>
                    <term>ovarian cancer risk</term>
                    <term>ovarian cancer survival</term>
                </keywords>
            </textClass>
            <abstract>
                <p>Purpose: Multiple studies have examined the role of anthropometric characteristics in ovarian cancer risk and survival; however, their results have been conflicting. We investigated the associations between weight change, height and height change and risk and outcome of ovarian cancer using data from a large population-based case-control study. Methods: Data from 699 ovarian cancer cases and 1802 controls who participated in the HOPE study were included. We used unconditional logistic regression adjusted for age, race, number of pregnancies, use of oral contraceptives, and family history of breast or ovarian cancer to examine the associations between self-reported height and weight and height change with ovarian cancer risk. Cox proportional hazards regression models adjusted for age and stage were used to examine the association between the exposure variables and overall and progression– free survival among ovarian cancer cases. Results: We observed an increased risk of ovarian cancer mortality and progression for gaining more than 20 pounds between ages 18 to 30, HR=1.36; 95% CI=1.05-1.76, and HR=1.31; 95% CI=1.04-1.66 respectively. Losing weight and gaining it back multiple times was inversely associated with both ovarian cancer risk, OR=0.78; 95 % CI=0.63-0.97 for 1-4 times and OR=0.73; 95% CI=0.54-0.99 for 5-9 times, and mortality, HR=0.63; 95% CI=0.40-0.99 for 10-14 times. Finally, being taller during adolescence and adulthood was associated with increased risk of mortality. Taller stature and weight gain over lifetime were not related to ovarian cancer risk. Conclusions: Our results suggest that height and weight and their change over time may influence ovarian cancer risk and survival. These findings suggest that biological mechanisms underlying these associations may be hormone-driven and may play an important role in relation to ovarian carcinogenesis and tumor progression. Introduction Ovarian cancer accounts for only 1.3% of new cancer cases in the United States [1], at the same time being the deadliest gynecological cancer [2]. At the time of diagnosis, 60% of patients present with a distant stage for which five-year survival rate is only 28.9% [1]. Given the low survival rates among ovarian cancer patients, it is</p>
            </abstract>
        </profileDesc>
    </teiHeader>
    <text xml:lang="en"/>
</TEI>