<?xml version="1.0" encoding="UTF-8" standalone="no"?><TEI xmlns="http://www.tei-c.org/ns/1.0" xmlns:xlink="http://www.w3.org/1999/xlink" xmlns:xsi="http://www.w3.org/2001/XMLSchema-instance" xsi:schemaLocation="http://www.tei-c.org/ns/1.0 /opt/grobid-home/schemas/xsd/Grobid.xsd">
    <teiHeader xml:lang="en">
        <encodingDesc>
            <appInfo>
                <application ident="GROBID" version="0.4.1" when="2018-10-23T06:52+0000">
                    <ref target="https://github.com/kermitt2/grobid">GROBID - A machine learning software for extracting information from scholarly documents</ref>
                </application>
            </appInfo>
        </encodingDesc>
        <fileDesc>
            <titleStmt>
                <title level="a" type="main">Reduced Temperature Ammonia Decomposition Using Ni/Zr-Doped Al 2 O 3 Catalyst</title>
            </titleStmt>
            <publicationStmt>
                <publisher/>
                <availability status="unknown">
                    <licence/>
                </availability>
            </publicationStmt>
            <sourceDesc>
                <biblStruct>
                    <analytic>
                        <author>
                            <persName>
                                <forename type="first">Suparoek</forename>
                                <surname>Henpraserttae</surname>
                            </persName>
                            <affiliation key="aff1">
                                <orgName key="dep1" type="department">School of Bio-Chemical Engineering and Technology</orgName>
                                <orgName key="dep2" type="department">Sirindhorn International Institute of Technology</orgName>
                                <orgName type="institution">Thammasat University</orgName>
                                <address>
                                    <postBox>P.O. BOX 22</postBox>
                                    <postCode>12121</postCode>
                                    <settlement>Pathumthani</settlement>
                                    <country key="TH">Thailand</country>
                                </address>
                            </affiliation>
                        </author>
                        <author>
                            <persName>
                                <forename type="first">Sumittra</forename>
                                <surname>Charojrochkul</surname>
                            </persName>
                            <affiliation key="aff2">
                                <orgName type="department">National Metal and Materials Technology Center</orgName>
                                <orgName type="institution">National Science and Technology Development Agency</orgName>
                                <address>
                                    <addrLine>Thailand Science Park</addrLine>
                                    <postCode>12120</postCode>
                                    <settlement>Pathumthani</settlement>
                                    <country key="TH">Thailand</country>
                                </address>
                            </affiliation>
                        </author>
                        <author>
                            <persName>
                                <forename type="first">Wantana</forename>
                                <surname>Klysubun</surname>
                            </persName>
                            <affiliation key="aff3">
                                <orgName type="department">Synchrotron Light Research Institute</orgName>
                                <address>
                                    <addrLine>111 University Avenue</addrLine>
                                    <postCode>30000</postCode>
                                    <settlement>Nakhon Ratchasima</settlement>
                                    <country key="TH">Thailand</country>
                                </address>
                            </affiliation>
                        </author>
                        <author>
                            <persName>
                                <forename type="first">Luckhana</forename>
                                <surname>Lawtrakul</surname>
                            </persName>
                            <affiliation key="aff1">
                                <orgName key="dep1" type="department">School of Bio-Chemical Engineering and Technology</orgName>
                                <orgName key="dep2" type="department">Sirindhorn International Institute of Technology</orgName>
                                <orgName type="institution">Thammasat University</orgName>
                                <address>
                                    <postBox>P.O. BOX 22</postBox>
                                    <postCode>12121</postCode>
                                    <settlement>Pathumthani</settlement>
                                    <country key="TH">Thailand</country>
                                </address>
                            </affiliation>
                        </author>
                        <author role="corresp" sequence="1">
                            <persName>
                                <forename type="first">Pisanu</forename>
                                <surname>Toochinda</surname>
                            </persName>
                            <contact>
                                <email>pisanu@siit.tu.ac.th</email>
                                <phone>Tel. +66-2-986-9009 ext. 2309</phone>
                            </contact>
                            <affiliation key="aff1">
                                <orgName key="dep1" type="department">School of Bio-Chemical Engineering and Technology</orgName>
                                <orgName key="dep2" type="department">Sirindhorn International Institute of Technology</orgName>
                                <orgName type="institution">Thammasat University</orgName>
                                <address>
                                    <postBox>P.O. BOX 22</postBox>
                                    <postCode>12121</postCode>
                                    <settlement>Pathumthani</settlement>
                                    <country key="TH">Thailand</country>
                                </address>
                            </affiliation>
                        </author>
                        <title level="a" type="main">Reduced Temperature Ammonia Decomposition Using Ni/Zr-Doped Al 2 O 3 Catalyst</title>
                    </analytic>
                    <monogr>
                        <imprint>
                            <date/>
                        </imprint>
                    </monogr>
                </biblStruct>
            </sourceDesc>
        </fileDesc>
        <profileDesc>
            <textClass>
                <keywords>
                    <term>Ammonia decomposition</term>
                    <term>Hydrogen production</term>
                    <term>Support modification</term>
                    <term>Partial</term>
                </keywords>
            </textClass>
            <abstract>
                <p>The development of Ni/Zr-doped Al 2 O 3 was achieved to reduce the reaction temperatures in ammonia decomposition by doping Zr into Al 2 O 3 framework. The Ni/Zr-doped Al 2 O 3 exhibits higher H 2 yield and NH 3 conversion than Ni/γ-Al 2 O 3 in a continuous operation. Partial doping of Zr in Al 2 O 3 framework can increase Ni dispersion, Ni surface area and basic sites of the Ni catalyst. These effects can promote in both dehydrogenation of NH 3 and recombination of nitrogen adsorbates in an NH 3 decomposition mechanism. The comparison between roles of Zr as a dopant and a promoter for Ni catalyst was also discussed. doping of Zr in Al 2 O 3 framework; Ni/Zr-doped Al 2 O 3 catalyst 1. Introduction Ammonia decomposition is one of the hydrogen production reactions which have been of interest in the past decade. Unlike conventional H 2 productions from hydrocarbon reformings, NH 3 decomposition can yield H 2 without CO and CO 2 emissions which cause poisoning of H 2 fuel cell electrodes and global warming, respectively [1-3]. Ammonia is also considered as a good H 2 carrier for the on-site H 2 generation which provides high H 2 contents per unit volume. One mole of NH 3 contains 1.5 mol of H 2 which is 17.8% by weight or 108 kg H 2 /m 3 embedded in liquid NH 3 at 20ºC and 8.6 bars [3-6]. The NH 3 decomposition is shown in reaction (1). (1) 3 2 2 rxn 2NH N 3H H 46 kJ / mol     Ni catalyst has been reported as a low cost active catalyst for NH 3 decomposition but the activities of Ni catalyst cannot compete with those of the expensive Ru catalyst. Ni catalyst requires reaction temperatures at 600-700ºC [2, 7-12] for the high NH 3 conversion while Ru catalyst requires only 450-550ºC [10, 11, 13-17]. The cost of catalysts and reaction temperature may discourage the attraction of H 2 technology. Thus, the novel catalyst for H 2 production from NH 3 decomposition should be active at low temperature with low cost. The improvements of Ni catalysts can be accomplished by many approaches such as different catalyst preparation methods [12, 18, 19], an addition of various rare earth oxides as promoters [8, 9, 11, 20] or the change in catalyst supports [7]. One interesting approach is partial doping of aliovalent atoms which contain a differrent valence, to replace the native atoms or interstitially insert in the support framework. This doping can cause defect formations in the support framework due to the differences of atomic valence and/or atomic size to</p>
            </abstract>
        </profileDesc>
    </teiHeader>
    <text xml:lang="en"/>
</TEI>