<?xml version="1.0" encoding="UTF-8" standalone="no"?><TEI xmlns="http://www.tei-c.org/ns/1.0" xmlns:xlink="http://www.w3.org/1999/xlink" xmlns:xsi="http://www.w3.org/2001/XMLSchema-instance" xsi:schemaLocation="http://www.tei-c.org/ns/1.0 /opt/grobid-home/schemas/xsd/Grobid.xsd">
    <teiHeader xml:lang="en">
        <encodingDesc>
            <appInfo>
                <application ident="GROBID" version="0.4.1" when="2018-10-23T06:53+0000">
                    <ref target="https://github.com/kermitt2/grobid">GROBID - A machine learning software for extracting information from scholarly documents</ref>
                </application>
            </appInfo>
        </encodingDesc>
        <fileDesc>
            <titleStmt>
                <title level="a" type="main">The major contribution of the DNA damage-triggered reactive oxygen species production to cell death: implications for antimicrobial and cancer therapy</title>
            </titleStmt>
            <publicationStmt>
                <publisher/>
                <availability status="unknown">
                    <licence/>
                </availability>
            </publicationStmt>
            <sourceDesc>
                <biblStruct>
                    <analytic>
                        <author>
                            <persName>
                                <forename type="first">Ivan</forename>
                                <surname>Matic</surname>
                            </persName>
                            <contact>
                                <email>ivan.matic@inserm.fr</email>
                                <phone>Tel: +33140615325; Fax: +33140615322;</phone>
                            </contact>
                            <affiliation key="aff1">
                                <orgName type="department">Faculté de Médecine Paris Descartes</orgName>
                                <orgName key="instit1" type="institution">INSERM U1001</orgName>
                                <orgName key="instit2" type="institution">Université Paris Descartes</orgName>
                                <orgName key="instit3" type="institution">Sorbonne Paris Cité</orgName>
                                <address>
                                    <addrLine>24 rue du Faubourg Saint-Jacques</addrLine>
                                    <postCode>75014</postCode>
                                    <settlement>Paris</settlement>
                                    <country key="FR">France</country>
                                </address>
                            </affiliation>
                            <affiliation key="aff2">
                                <orgName type="department">Department of Life Sciences</orgName>
                                <orgName type="institution">Centre National de la Recherche Scientifique</orgName>
                                <address>
                                    <postCode>75016</postCode>
                                    <settlement>Paris</settlement>
                                    <country key="FR">France</country>
                                </address>
                            </affiliation>
                        </author>
                        <title level="a" type="main">The major contribution of the DNA damage-triggered reactive oxygen species production to cell death: implications for antimicrobial and cancer therapy</title>
                    </analytic>
                    <monogr>
                        <imprint>
                            <date/>
                        </imprint>
                    </monogr>
                    <note>1 Contact informations 2</note>
                </biblStruct>
            </sourceDesc>
        </fileDesc>
        <profileDesc>
            <textClass>
                <keywords>
                    <term>Genotoxic agents</term>
                    <term>DNA damage</term>
                    <term>DNA replication blockage</term>
                    <term>reactive oxygen species</term>
                    <term>cytotoxicity</term>
                </keywords>
            </textClass>
            <abstract>
                <p>150-250 words Genotoxic agents damage DNA, block DNA replication and provoke cell death. However, there is growing evidence that an important part of their cytotoxicity results from metabolic disturbances induced by treatment. This review article describes how increased production of the reactive oxygen species (ROS) induced by different genotoxic agents contribute to death of prokaryotic and eukaryotic cells. ROS are byproducts of normal cellular functioning. Because ROS are damaging cellular macromolecules, they are constantly eliminated by protective antioxidant mechanisms. However, even a small increase in ROS production may have deleterious consequences because cells possess just enough defensive mechanisms to protect themselves against endogenously produced ROS. Therefore, it may be possible to enhance cytotoxic potential of antimicrobial and anticancer drugs by increasing ROS production or by inhibiting cellular antioxidant systems.</p>
            </abstract>
        </profileDesc>
    </teiHeader>
    <text xml:lang="en"/>
</TEI>