<?xml version="1.0" encoding="UTF-8" standalone="no"?><TEI xmlns="http://www.tei-c.org/ns/1.0" xmlns:xlink="http://www.w3.org/1999/xlink" xmlns:xsi="http://www.w3.org/2001/XMLSchema-instance" xsi:schemaLocation="http://www.tei-c.org/ns/1.0 /opt/grobid-home/schemas/xsd/Grobid.xsd">
    <teiHeader xml:lang="en">
        <encodingDesc>
            <appInfo>
                <application ident="GROBID" version="0.4.1" when="2018-10-23T06:52+0000">
                    <ref target="https://github.com/kermitt2/grobid">GROBID - A machine learning software for extracting information from scholarly documents</ref>
                </application>
            </appInfo>
        </encodingDesc>
        <fileDesc>
            <titleStmt>
                <title level="a" type="main">Increasing Rice Allelopathy by Induction of Barnyard Grass (Echinochloa crus-galli) Root Exudates</title>
            </titleStmt>
            <publicationStmt>
                <publisher/>
                <availability status="unknown">
                    <licence/>
                </availability>
            </publicationStmt>
            <sourceDesc>
                <biblStruct>
                    <analytic>
                        <author>
                            <persName>
                                <forename type="first">Qi</forename>
                                <surname>Zhang</surname>
                            </persName>
                            <affiliation key="aff1">
                                <orgName type="department">Key Laboratory of Crop Ecology and Molecular Physiology</orgName>
                                <orgName key="instit1" type="institution">Fujian Agriculture and Forestry University</orgName>
                                <orgName key="instit2" type="institution">Fujian Province University</orgName>
                                <address>
                                    <postCode>350002</postCode>
                                    <settlement>Fuzhou</settlement>
                                    <country key="CN">China</country>
                                </address>
                            </affiliation>
                        </author>
                        <author>
                            <persName>
                                <forename type="first">Li</forename>
                                <surname>Li</surname>
                            </persName>
                            <affiliation key="aff1">
                                <orgName type="department">Key Laboratory of Crop Ecology and Molecular Physiology</orgName>
                                <orgName key="instit1" type="institution">Fujian Agriculture and Forestry University</orgName>
                                <orgName key="instit2" type="institution">Fujian Province University</orgName>
                                <address>
                                    <postCode>350002</postCode>
                                    <settlement>Fuzhou</settlement>
                                    <country key="CN">China</country>
                                </address>
                            </affiliation>
                        </author>
                        <author>
                            <persName>
                                <forename type="first">Jiayu</forename>
                                <surname>Li</surname>
                            </persName>
                            <affiliation key="aff1">
                                <orgName type="department">Key Laboratory of Crop Ecology and Molecular Physiology</orgName>
                                <orgName key="instit1" type="institution">Fujian Agriculture and Forestry University</orgName>
                                <orgName key="instit2" type="institution">Fujian Province University</orgName>
                                <address>
                                    <postCode>350002</postCode>
                                    <settlement>Fuzhou</settlement>
                                    <country key="CN">China</country>
                                </address>
                            </affiliation>
                            <affiliation key="aff2">
                                <orgName type="department">Key Laboratory of Biopesticide and Chemical Biology</orgName>
                                <orgName type="institution">Ministry of Education. Fujian Agriculture and Forestry University</orgName>
                                <address>
                                    <postCode>350002</postCode>
                                    <settlement>Fuzhou</settlement>
                                    <country key="CN">China</country>
                                </address>
                            </affiliation>
                        </author>
                        <author>
                            <persName>
                                <forename type="first">Haibin</forename>
                                <surname>Wang</surname>
                            </persName>
                            <affiliation key="aff1">
                                <orgName type="department">Key Laboratory of Crop Ecology and Molecular Physiology</orgName>
                                <orgName key="instit1" type="institution">Fujian Agriculture and Forestry University</orgName>
                                <orgName key="instit2" type="institution">Fujian Province University</orgName>
                                <address>
                                    <postCode>350002</postCode>
                                    <settlement>Fuzhou</settlement>
                                    <country key="CN">China</country>
                                </address>
                            </affiliation>
                            <affiliation key="aff3" role="corresp" sequence="1">
                                <orgName type="department">College of Life Sciences</orgName>
                                <orgName type="institution">Longyan University</orgName>
                                <address>
                                    <postCode>364012</postCode>
                                    <settlement>Longyan</settlement>
                                    <country key="CN">China</country>
                                </address>
                            </affiliation>
                        </author>
                        <author>
                            <persName>
                                <forename type="first">Changxun</forename>
                                <surname>Fang</surname>
                            </persName>
                            <affiliation key="aff1">
                                <orgName type="department">Key Laboratory of Crop Ecology and Molecular Physiology</orgName>
                                <orgName key="instit1" type="institution">Fujian Agriculture and Forestry University</orgName>
                                <orgName key="instit2" type="institution">Fujian Province University</orgName>
                                <address>
                                    <postCode>350002</postCode>
                                    <settlement>Fuzhou</settlement>
                                    <country key="CN">China</country>
                                </address>
                            </affiliation>
                            <affiliation key="aff2">
                                <orgName type="department">Key Laboratory of Biopesticide and Chemical Biology</orgName>
                                <orgName type="institution">Ministry of Education. Fujian Agriculture and Forestry University</orgName>
                                <address>
                                    <postCode>350002</postCode>
                                    <settlement>Fuzhou</settlement>
                                    <country key="CN">China</country>
                                </address>
                            </affiliation>
                        </author>
                        <author>
                            <persName>
                                <forename type="first">Xiaoyan</forename>
                                <surname>Yang</surname>
                            </persName>
                            <affiliation key="aff1">
                                <orgName type="department">Key Laboratory of Crop Ecology and Molecular Physiology</orgName>
                                <orgName key="instit1" type="institution">Fujian Agriculture and Forestry University</orgName>
                                <orgName key="instit2" type="institution">Fujian Province University</orgName>
                                <address>
                                    <postCode>350002</postCode>
                                    <settlement>Fuzhou</settlement>
                                    <country key="CN">China</country>
                                </address>
                            </affiliation>
                        </author>
                        <author role="corresp" sequence="1">
                            <persName>
                                <forename type="first">Haibin</forename>
                                <surname>He</surname>
                            </persName>
                            <contact>
                                <email>alexhhb@163.com</email>
                                <phone>Tel: +8659183789367. Fax: +8659183769440.</phone>
                            </contact>
                            <affiliation key="aff1">
                                <orgName type="department">Key Laboratory of Crop Ecology and Molecular Physiology</orgName>
                                <orgName key="instit1" type="institution">Fujian Agriculture and Forestry University</orgName>
                                <orgName key="instit2" type="institution">Fujian Province University</orgName>
                                <address>
                                    <postCode>350002</postCode>
                                    <settlement>Fuzhou</settlement>
                                    <country key="CN">China</country>
                                </address>
                            </affiliation>
                            <affiliation key="aff2">
                                <orgName type="department">Key Laboratory of Biopesticide and Chemical Biology</orgName>
                                <orgName type="institution">Ministry of Education. Fujian Agriculture and Forestry University</orgName>
                                <address>
                                    <postCode>350002</postCode>
                                    <settlement>Fuzhou</settlement>
                                    <country key="CN">China</country>
                                </address>
                            </affiliation>
                            <affiliation key="aff4" role="corresp" sequence="2">
                                <address>
                                    <addrLine>Cangshan District Shangxiadian Road No. 15</addrLine>
                                    <postCode>350002</postCode>
                                    <settlement>Fuzhou</settlement>
                                    <country key="CN">China</country>
                                </address>
                            </affiliation>
                        </author>
                        <title level="a" type="main">Increasing Rice Allelopathy by Induction of Barnyard Grass (Echinochloa crus-galli) Root Exudates</title>
                    </analytic>
                    <monogr>
                        <imprint>
                            <date/>
                        </imprint>
                    </monogr>
                    <note type="submission">RECEIVED 17 MAY 2017; ACCEPTED 8 NOVEMBER 2017</note>
                    <note>* Corresponding Author.</note>
                </biblStruct>
            </sourceDesc>
        </fileDesc>
        <profileDesc>
            <textClass>
                <keywords>Barnyard grass (Echinochloa crus-galli) · Induced allelopathy · Phenolic acids · Rice allelopathy · Root exudates</keywords>
            </textClass>
            <abstract>
                <p>An allelopathic rice PI312777 and a non-allelopathic rice Lemont were hydroponically cultured and treated with extracts of seeds and tissues, and root exudates of barnyard grass (Echinochloa crus-galli, BYG) to induce an allelopathic response. The results of bioassays showed that the % inhibition of two rice leaf extracts was significantly (p&lt;0.05) increased by treatment with BYG root exudates. This induced trait was dosage-and time-dependent. The highest % inhibition for both PI312777 and Lemont was obtained following treatment with 15 mL of BYG root exudates for 2 days. Under these conditions, total allelopathy (TA) of PI312777 on root length, plant height, and plant dry weight of BYG was 73.39%, 68.01%, and 70.42% respectively, and induced allelopathy (IA) was 21.53%, 17.04%, and 16.62% respectively, accounting for 24-29% of TA. Correspondingly, TA of Lemont was 28.38%, 21.38%, and 23.38% respectively, and IA was 14.49%, 11.37%, and 12.11% respectively, accounting for 51-53% of TA. The % inhibition of two rice culture solutions was in agreement with the results of their leaf extracts. The total contents of 7 phenolic acids in the culture solutions of PI312777 and Lemont were 2.18 and 1.47 times respectively, as much as those in the control solutions. The phenylalanine ammonia-lyase (PAL) gene in P1312777 leaves was significantly up-regulated after induction treatments. The results indicated that rice allelopathy is a chemical induction mechanism, and confirmed that chemical induction to raise rice allelopathy is a practical and feasible method. Introduction Rice is a staple food for over half the world's population. It is the predominant dietary energy source for 17 countries in Asia and the Pacific, 9 countries in North and South America, and 8 countries in Africa. Weeds are the most severe biological constraint to rice yield. The International Rice Research Institute (IRRI) has reported that weeds taller than rice plants are responsible for 23% loss in yield and weeds below the canopy for 21%, and weeds resulted in yield loss in upland rice of 30% to 100% (Maclean and others 2002). Transplanting rice is a weed control measure that allows rice seedlings to maintain their competitive advantage over other weeds. In combination with rice transplantation, water is also a useful traditional tool to reduce the growth of weeds, wherein flooding during the vegetative growth phase of rice seedlings prevents the germination and growth of weeds. Available labor for transplanting and weeding, as well as water for irrigation is currently decreasing, prompting farmers to change their cultivation practices from transplanting rice to directly seeding rice systems to lower production costs. Weeds have become a serious problem in directly seeded systems because rice and weeds emerge at the same time and flooding is only effective 3–4 weeks after sowing</p>
            </abstract>
        </profileDesc>
    </teiHeader>
    <text xml:lang="en"/>
</TEI>