<?xml version="1.0" encoding="UTF-8" standalone="no"?><TEI xmlns="http://www.tei-c.org/ns/1.0" xmlns:xlink="http://www.w3.org/1999/xlink" xmlns:xsi="http://www.w3.org/2001/XMLSchema-instance" xsi:schemaLocation="http://www.tei-c.org/ns/1.0 /opt/grobid-home/schemas/xsd/Grobid.xsd">
    <teiHeader xml:lang="en">
        <encodingDesc>
            <appInfo>
                <application ident="GROBID" version="0.4.1" when="2018-10-23T06:51+0000">
                    <ref target="https://github.com/kermitt2/grobid">GROBID - A machine learning software for extracting information from scholarly documents</ref>
                </application>
            </appInfo>
        </encodingDesc>
        <fileDesc>
            <titleStmt>
                <title level="a" type="main">Title: Cigarette smoke induces activation of polymorphonuclear leukocytes</title>
            </titleStmt>
            <publicationStmt>
                <publisher/>
                <availability status="unknown">
                    <licence/>
                </availability>
            </publicationStmt>
            <sourceDesc>
                <biblStruct>
                    <analytic>
                        <author role="corresp" sequence="1">
                            <persName>
                                <forename type="first">Anita</forename>
                                <surname>Somborac-Bačura</surname>
                                <authordegree>PhD</authordegree>
                            </persName>
                            <contact>
                                <email>asomborac@pharma.hr</email>
                                <phone>Telephone: +38514612606; Fax: +38514612716;</phone>
                            </contact>
                            <affiliation key="aff1" role="corresp" sequence="1">
                                <orgName key="dep1" type="department">Faculty of Pharmacy and Biochemistry</orgName>
                                <orgName key="dep2" type="department">Department of Medical Biochemistry and Hematology</orgName>
                                <orgName type="institution">University of Zagreb</orgName>
                                <address>
                                    <addrLine>Kneza Domagoja 2</addrLine>
                                    <postCode>HR-10000</postCode>
                                    <settlement>Zagreb</settlement>
                                    <country key="HR">Croatia</country>
                                </address>
                            </affiliation>
                        </author>
                        <author>
                            <persName>
                                <forename type="first">Sanja</forename>
                                <surname>Popović-Grle</surname>
                            </persName>
                            <contact>
                                <email>sanja.popovic.grle@kbc-zagreb.hr</email>
                            </contact>
                            <affiliation key="aff2">
                                <orgName type="department">Clinical Hospital for Lung Diseases ''Jordanovac''</orgName>
                                <orgName type="institution">University Hospital Centre Zagreb</orgName>
                                <address>
                                    <addrLine>Jordanovac 104</addrLine>
                                    <postCode>HR-10000</postCode>
                                    <settlement>Zagreb</settlement>
                                    <country key="HR">Croatia</country>
                                </address>
                            </affiliation>
                            <affiliation key="aff3">
                                <orgName type="department">School of Medicine</orgName>
                                <orgName type="institution">University of Zagreb</orgName>
                                <address>
                                    <addrLine>Šalata 3</addrLine>
                                    <postCode>HR-10000</postCode>
                                    <settlement>Zagreb</settlement>
                                    <country key="HR">Croatia</country>
                                </address>
                            </affiliation>
                        </author>
                        <author>
                            <persName>
                                <forename type="first">Vlasta</forename>
                                <surname>Zovko</surname>
                            </persName>
                            <contact>
                                <email>vlastaz@net.hr</email>
                            </contact>
                            <affiliation key="aff2">
                                <orgName type="department">Clinical Hospital for Lung Diseases ''Jordanovac''</orgName>
                                <orgName type="institution">University Hospital Centre Zagreb</orgName>
                                <address>
                                    <addrLine>Jordanovac 104</addrLine>
                                    <postCode>HR-10000</postCode>
                                    <settlement>Zagreb</settlement>
                                    <country key="HR">Croatia</country>
                                </address>
                            </affiliation>
                        </author>
                        <author>
                            <persName>
                                <forename type="first">Tihana</forename>
                                <surname>Žanić-Grubišić</surname>
                            </persName>
                            <contact>
                                <email>tihana_zanic@yahoo.co.uk</email>
                            </contact>
                            <affiliation key="aff1" role="corresp" sequence="1">
                                <orgName key="dep1" type="department">Faculty of Pharmacy and Biochemistry</orgName>
                                <orgName key="dep2" type="department">Department of Medical Biochemistry and Hematology</orgName>
                                <orgName type="institution">University of Zagreb</orgName>
                                <address>
                                    <addrLine>Kneza Domagoja 2</addrLine>
                                    <postCode>HR-10000</postCode>
                                    <settlement>Zagreb</settlement>
                                    <country key="HR">Croatia</country>
                                </address>
                            </affiliation>
                        </author>
                        <title level="a" type="main">Title: Cigarette smoke induces activation of polymorphonuclear leukocytes</title>
                    </analytic>
                    <monogr>
                        <imprint>
                            <date/>
                        </imprint>
                    </monogr>
                    <note>Affiliations: *Corresponding author: ORCID ID: 0000-0002-8573-4294 Acknowledgments: This work was financed by the Croatian Ministry of Science, Education and Sports (Grant No. 006-0061245-0977).</note>
                </biblStruct>
            </sourceDesc>
        </fileDesc>
        <profileDesc>
            <abstract>
                <p>Introduction: Cigarette smoking is a major risk factor for chronic obstructive pulmonary disease (COPD). Exposure to cigarette smoke may stimulate inflammatory response and activate polymorphonuclear leukocytes (PMN) thus resulting in secretion of cellular proteases. The aim of our study was to explore the effect of cigarette smoke extract (CSE) on the release of matrix metalloproteinase-9 (MMP-9) from PMN. Methods: The study included 23 patients with stable COPD and 9 healthy controls. PMN were isolated from blood of all participants and exposed to 4 % CSE or basal culture medium (0 % CSE) for 20 h. MMP-9 concentration in PMN culture media was measured using the ELISA method. Results: Exposure of PMN to 4 % CSE did not cause cytotoxic effects, as determined by no changes in lactate dehydrogenase (LDH) activity in PMN culture media when compared to untreated PMN (P=0.689). In basal conditions PMN of COPD patients released significantly more MMP-9 compared with PMN of healthy controls (P=0.016). However, concentration ratio of MMP-9 released from PMN exposed to 4 % CSE or 0 % CSE of each participant was significantly higher for healthy subjects than for COPD patients (P=0.025). Conclusion: Cigarette smoke induces activation of PMN in healthy controls. However, chronically activated PMN in COPD patients could not be further stimulated by in vitro exposure to CSE. Constantly raised amount of MMP-9 released into the tissues may be involved in the degradation of extracellular matrix in the lungs as seen in COPD patients. Keywords: chronic obstructive pulmonary disease cigarette smoke matrix metalloproteinase-9 polymorphonuclear leukocytes Abbreviations: COPD – chronic obstructive pulmonary disease CSE – cigarette smoke extract FEV 1 – forced expiratory volume in 1 second FVC – forced vital capacity GOLD – Global Initiative for Chronic Obstructive Lung Disease IL – interleukin LDH – lactate dehydrogenase MMP – matrix metalloproteinase PMN – polymorphonuclear leukocytes 1. Introduction</p>
            </abstract>
        </profileDesc>
    </teiHeader>
    <text xml:lang="en"/>
</TEI>