<?xml version="1.0" encoding="UTF-8" standalone="no"?><TEI xmlns="http://www.tei-c.org/ns/1.0" xmlns:xlink="http://www.w3.org/1999/xlink" xmlns:xsi="http://www.w3.org/2001/XMLSchema-instance" xsi:schemaLocation="http://www.tei-c.org/ns/1.0 /opt/grobid-home/schemas/xsd/Grobid.xsd">
    <teiHeader xml:lang="en">
        <encodingDesc>
            <appInfo>
                <application ident="GROBID" version="0.4.1" when="2018-10-23T06:50+0000">
                    <ref target="https://github.com/kermitt2/grobid">GROBID - A machine learning software for extracting information from scholarly documents</ref>
                </application>
            </appInfo>
        </encodingDesc>
        <fileDesc>
            <titleStmt>
                <title level="a" type="main">Intratracheal administration of autologous bone marrow-derived cells ameliorates monocrotaline-induced pulmonary vessel remodeling and lung inflammation in rats</title>
            </titleStmt>
            <publicationStmt>
                <publisher/>
                <availability status="unknown">
                    <licence/>
                </availability>
            </publicationStmt>
            <sourceDesc>
                <biblStruct>
                    <analytic>
                        <author role="corresp" sequence="1">
                            <persName>
                                <forename type="first">Yoriko</forename>
                                <surname>Yamazato</surname>
                                <authordegree>MD, PhD</authordegree>
                            </persName>
                            <contact>
                                <email>yoriy-ryk@umin.ac.jp</email>
                                <phone>Tel: +8198-895-1144 Fax: +8198-895-1414</phone>
                            </contact>
                            <affiliation key="aff1">
                                <orgName key="dep1" type="department">Department of Infectious, Respiratory, and Digestive Medicine</orgName>
                                <orgName key="dep2" type="department">Graduate School and Faculty of Medicine</orgName>
                                <orgName type="institution">University of the Ryukyus</orgName>
                                <address>
                                    <settlement>Okinawa</settlement>
                                    <country key="JP">Japan</country>
                                </address>
                            </affiliation>
                            <affiliation key="aff3" role="corresp" sequence="1">
                                <address>
                                    <addrLine>207 Uehara</addrLine>
                                    <postCode>903-0215</postCode>
                                    <settlement>Nishihara-city</settlement>
                                    <region>Okinawa</region>
                                    <country key="JP">Japan</country>
                                </address>
                            </affiliation>
                            <affiliation key="aff4" role="corresp" sequence="2">
                                <orgName key="dep1" type="department">Department of Infectious, Respiratory, and Digestive Medicine</orgName>
                                <orgName key="dep2" type="department">Graduate School</orgName>
                                <orgName key="dep3" type="department">Faculty of Medicine</orgName>
                                <orgName type="institution">University of the Ryukyus</orgName>
                            </affiliation>
                        </author>
                        <author>
                            <persName>
                                <forename type="first">Masanobu</forename>
                                <surname>Yamazato</surname>
                                <authordegree>MD, PhD</authordegree>
                            </persName>
                            <affiliation key="aff2">
                                <orgName key="dep1" type="department">Department of Cardiovascular Medicine, Nephrology and Neurology</orgName>
                                <orgName key="dep2" type="department">Graduate School and Faculty of Medicine</orgName>
                                <orgName type="institution">University of the Ryukyus</orgName>
                                <address>
                                    <settlement>Okinawa</settlement>
                                    <country key="JP">Japan</country>
                                </address>
                            </affiliation>
                        </author>
                        <author>
                            <persName>
                                <forename type="first">Akio</forename>
                                <surname>Ishida</surname>
                                <authordegree>MD, PhD</authordegree>
                            </persName>
                            <affiliation key="aff2">
                                <orgName key="dep1" type="department">Department of Cardiovascular Medicine, Nephrology and Neurology</orgName>
                                <orgName key="dep2" type="department">Graduate School and Faculty of Medicine</orgName>
                                <orgName type="institution">University of the Ryukyus</orgName>
                                <address>
                                    <settlement>Okinawa</settlement>
                                    <country key="JP">Japan</country>
                                </address>
                            </affiliation>
                        </author>
                        <author>
                            <persName>
                                <forename type="first">Jiro</forename>
                                <surname>Fujita</surname>
                                <authordegree>MD, PhD</authordegree>
                            </persName>
                            <affiliation key="aff1">
                                <orgName key="dep1" type="department">Department of Infectious, Respiratory, and Digestive Medicine</orgName>
                                <orgName key="dep2" type="department">Graduate School and Faculty of Medicine</orgName>
                                <orgName type="institution">University of the Ryukyus</orgName>
                                <address>
                                    <settlement>Okinawa</settlement>
                                    <country key="JP">Japan</country>
                                </address>
                            </affiliation>
                        </author>
                        <author>
                            <persName>
                                <forename type="first">Yusuke</forename>
                                <surname>Ohya</surname>
                                <authordegree>MD, PhD</authordegree>
                            </persName>
                            <affiliation key="aff2">
                                <orgName key="dep1" type="department">Department of Cardiovascular Medicine, Nephrology and Neurology</orgName>
                                <orgName key="dep2" type="department">Graduate School and Faculty of Medicine</orgName>
                                <orgName type="institution">University of the Ryukyus</orgName>
                                <address>
                                    <settlement>Okinawa</settlement>
                                    <country key="JP">Japan</country>
                                </address>
                            </affiliation>
                        </author>
                        <title level="a" type="main">Intratracheal administration of autologous bone marrow-derived cells ameliorates monocrotaline-induced pulmonary vessel remodeling and lung inflammation in rats</title>
                    </analytic>
                    <monogr>
                        <imprint>
                            <date/>
                        </imprint>
                    </monogr>
                    <note>Word count: abstract 237 words, text 2596 words Total number of Figures: 5 Corresponding author: Running Head: Airway delivery of BMCs prevents MCT-induced lung injury Acknowledgments</note>
                </biblStruct>
            </sourceDesc>
        </fileDesc>
        <profileDesc>
            <abstract/>
        </profileDesc>
    </teiHeader>
    <text xml:lang="en"/>
</TEI>