<?xml version="1.0" encoding="UTF-8" standalone="no"?><TEI xmlns="http://www.tei-c.org/ns/1.0" xmlns:xlink="http://www.w3.org/1999/xlink" xmlns:xsi="http://www.w3.org/2001/XMLSchema-instance" xsi:schemaLocation="http://www.tei-c.org/ns/1.0 /opt/grobid-home/schemas/xsd/Grobid.xsd">
    <teiHeader xml:lang="en">
        <encodingDesc>
            <appInfo>
                <application ident="GROBID" version="0.4.1" when="2018-10-23T06:50+0000">
                    <ref target="https://github.com/kermitt2/grobid">GROBID - A machine learning software for extracting information from scholarly documents</ref>
                </application>
            </appInfo>
        </encodingDesc>
        <fileDesc>
            <titleStmt>
                <title level="a" type="main">ENDORECTAL ULTRASOUND IN THE IDENTIFICATION OF RECTAL TUMORS FOR TRANSANAL ENDOSCOPIC SURGERY: FACTORS INFLUENCING ITS</title>
            </titleStmt>
            <publicationStmt>
                <publisher/>
                <availability status="unknown">
                    <licence/>
                </availability>
            </publicationStmt>
            <sourceDesc>
                <biblStruct>
                    <analytic>
                        <author>
                            <persName>
                                <forename type="first">Xavier</forename>
                                <surname>Serra-Aracil</surname>
                                <authordegree>MD</authordegree>
                            </persName>
                            <affiliation key="aff1">
                                <orgName type="department">Coloproctology Unit. General and Digestive Surgery Service</orgName>
                                <orgName key="instit1" type="institution">Parc Tauli University Hospital</orgName>
                                <orgName key="instit2" type="institution">Universitat Autònoma de Barcelona</orgName>
                                <address>
                                    <addrLine>Parc Tauli s/n</addrLine>
                                    <postCode>08208</postCode>
                                    <settlement>Sabadell, Sabadell (Barcelona)</settlement>
                                    <country key="ES">Spain</country>
                                </address>
                            </affiliation>
                        </author>
                        <author role="corresp" sequence="1">
                            <persName>
                                <forename type="first">Ana</forename>
                                <forename type="middle">Gálvez</forename>
                                <surname>Saldaña</surname>
                                <authordegree>MD</authordegree>
                            </persName>
                            <contact>
                                <email>anagalvezs@gmail.com</email>
                            </contact>
                            <affiliation key="aff1">
                                <orgName type="department">Coloproctology Unit. General and Digestive Surgery Service</orgName>
                                <orgName key="instit1" type="institution">Parc Tauli University Hospital</orgName>
                                <orgName key="instit2" type="institution">Universitat Autònoma de Barcelona</orgName>
                                <address>
                                    <addrLine>Parc Tauli s/n</addrLine>
                                    <postCode>08208</postCode>
                                    <settlement>Sabadell, Sabadell (Barcelona)</settlement>
                                    <country key="ES">Spain</country>
                                </address>
                            </affiliation>
                            <affiliation key="aff2" role="corresp" sequence="1">
                                <orgName type="institution">Parc Tauli University Hospital</orgName>
                                <address>
                                    <addrLine>Sabadell. Parc Tauli s/n</addrLine>
                                    <postCode>08208</postCode>
                                    <settlement>Sabadell (Barcelona)</settlement>
                                    <country key="ES">Spain</country>
                                </address>
                            </affiliation>
                        </author>
                        <author>
                            <persName>
                                <forename type="first">Laura</forename>
                                <forename type="middle">Mora</forename>
                                <surname>López</surname>
                                <authordegree>MD</authordegree>
                            </persName>
                            <affiliation key="aff1">
                                <orgName type="department">Coloproctology Unit. General and Digestive Surgery Service</orgName>
                                <orgName key="instit1" type="institution">Parc Tauli University Hospital</orgName>
                                <orgName key="instit2" type="institution">Universitat Autònoma de Barcelona</orgName>
                                <address>
                                    <addrLine>Parc Tauli s/n</addrLine>
                                    <postCode>08208</postCode>
                                    <settlement>Sabadell, Sabadell (Barcelona)</settlement>
                                    <country key="ES">Spain</country>
                                </address>
                            </affiliation>
                        </author>
                        <author>
                            <persName>
                                <forename type="first">Pere</forename>
                                <forename type="middle">Rebasa</forename>
                                <surname>Cladera</surname>
                                <authordegree>MD</authordegree>
                            </persName>
                            <affiliation key="aff1">
                                <orgName type="department">Coloproctology Unit. General and Digestive Surgery Service</orgName>
                                <orgName key="instit1" type="institution">Parc Tauli University Hospital</orgName>
                                <orgName key="instit2" type="institution">Universitat Autònoma de Barcelona</orgName>
                                <address>
                                    <addrLine>Parc Tauli s/n</addrLine>
                                    <postCode>08208</postCode>
                                    <settlement>Sabadell, Sabadell (Barcelona)</settlement>
                                    <country key="ES">Spain</country>
                                </address>
                            </affiliation>
                        </author>
                        <author>
                            <persName>
                                <forename type="first">Sheila</forename>
                                <forename type="middle">Serra</forename>
                                <surname>Pla</surname>
                                <authordegree>MD</authordegree>
                            </persName>
                            <affiliation key="aff1">
                                <orgName type="department">Coloproctology Unit. General and Digestive Surgery Service</orgName>
                                <orgName key="instit1" type="institution">Parc Tauli University Hospital</orgName>
                                <orgName key="instit2" type="institution">Universitat Autònoma de Barcelona</orgName>
                                <address>
                                    <addrLine>Parc Tauli s/n</addrLine>
                                    <postCode>08208</postCode>
                                    <settlement>Sabadell, Sabadell (Barcelona)</settlement>
                                    <country key="ES">Spain</country>
                                </address>
                            </affiliation>
                        </author>
                        <author>
                            <persName>
                                <forename type="first">Anna</forename>
                                <forename type="middle">Pallisera</forename>
                                <surname>Lloveras</surname>
                                <authordegree>MD</authordegree>
                            </persName>
                            <affiliation key="aff1">
                                <orgName type="department">Coloproctology Unit. General and Digestive Surgery Service</orgName>
                                <orgName key="instit1" type="institution">Parc Tauli University Hospital</orgName>
                                <orgName key="instit2" type="institution">Universitat Autònoma de Barcelona</orgName>
                                <address>
                                    <addrLine>Parc Tauli s/n</addrLine>
                                    <postCode>08208</postCode>
                                    <settlement>Sabadell, Sabadell (Barcelona)</settlement>
                                    <country key="ES">Spain</country>
                                </address>
                            </affiliation>
                        </author>
                        <author>
                            <persName>
                                <forename type="first">Carla</forename>
                                <forename type="middle">Zerpa</forename>
                                <surname>Martin</surname>
                                <authordegree>MD</authordegree>
                            </persName>
                            <affiliation key="aff1">
                                <orgName type="department">Coloproctology Unit. General and Digestive Surgery Service</orgName>
                                <orgName key="instit1" type="institution">Parc Tauli University Hospital</orgName>
                                <orgName key="instit2" type="institution">Universitat Autònoma de Barcelona</orgName>
                                <address>
                                    <addrLine>Parc Tauli s/n</addrLine>
                                    <postCode>08208</postCode>
                                    <settlement>Sabadell, Sabadell (Barcelona)</settlement>
                                    <country key="ES">Spain</country>
                                </address>
                            </affiliation>
                        </author>
                        <author>
                            <persName>
                                <forename type="first">Oriol</forename>
                                <surname>Moreno</surname>
                                <authordegree>MD</authordegree>
                            </persName>
                            <affiliation key="aff1">
                                <orgName type="department">Coloproctology Unit. General and Digestive Surgery Service</orgName>
                                <orgName key="instit1" type="institution">Parc Tauli University Hospital</orgName>
                                <orgName key="instit2" type="institution">Universitat Autònoma de Barcelona</orgName>
                                <address>
                                    <addrLine>Parc Tauli s/n</addrLine>
                                    <postCode>08208</postCode>
                                    <settlement>Sabadell, Sabadell (Barcelona)</settlement>
                                    <country key="ES">Spain</country>
                                </address>
                            </affiliation>
                        </author>
                        <author>
                            <persName>
                                <forename type="first">Salvador</forename>
                                <forename type="middle">Navarro</forename>
                                <surname>Soto</surname>
                                <authordegree>MD</authordegree>
                            </persName>
                            <affiliation key="aff1">
                                <orgName type="department">Coloproctology Unit. General and Digestive Surgery Service</orgName>
                                <orgName key="instit1" type="institution">Parc Tauli University Hospital</orgName>
                                <orgName key="instit2" type="institution">Universitat Autònoma de Barcelona</orgName>
                                <address>
                                    <addrLine>Parc Tauli s/n</addrLine>
                                    <postCode>08208</postCode>
                                    <settlement>Sabadell, Sabadell (Barcelona)</settlement>
                                    <country key="ES">Spain</country>
                                </address>
                            </affiliation>
                        </author>
                        <miscellaneous>
                            <phone>Phone number: +34937231010. Ext 21490</phone>
                        </miscellaneous>
                        <title level="a" type="main">ENDORECTAL ULTRASOUND IN THE IDENTIFICATION OF RECTAL TUMORS FOR TRANSANAL ENDOSCOPIC SURGERY: FACTORS INFLUENCING ITS</title>
                    </analytic>
                    <monogr>
                        <imprint>
                            <date/>
                        </imprint>
                    </monogr>
                    <note>ACCURACY Short running head: Endorectal ultrasound for rectal tumors AUTHORS: Correspondence: Author contributions: -All the authors agree to the submission of the paper. -All the authors contributed to the design and writing of the paper. The authors declare that no funding was received.</note>
                </biblStruct>
            </sourceDesc>
        </fileDesc>
        <profileDesc>
            <abstract>
                <p>BACKGROUND: Endorectal ultrasound (ERUS) is considered the technique of choice for</p>
            </abstract>
        </profileDesc>
    </teiHeader>
    <text xml:lang="en"/>
</TEI>