<?xml version="1.0" encoding="UTF-8"?>
<TEI
    xmlns="http://www.tei-c.org/ns/1.0"
    xmlns:xsi="http://www.w3.org/2001/XMLSchema-instance" 
xsi:schemaLocation="http://www.tei-c.org/ns/1.0 /opt/1.6.1.6.1.2/schemas/xsd/Grobid.xsd"
    xmlns:xlink="http://www.w3.org/1999/xlink">
    <teiHeader xml:lang="en">
        <encodingDesc>
            <appInfo>
                <application version="0.4.1" ident="GROBID" when="2018-04-02T10:47+0000">
                    <ref target="https://github.com/kermitt2/grobid">GROBID - A machine learning software for extracting information from scholarly documents</ref>
                </application>
            </appInfo>
        </encodingDesc>
        <fileDesc>
            <titleStmt>
                <title level="a" type="main">Title miRNAs control HAM1 functions at the single-cell-layer level and are essential for normal embryogenesis in Arabidopsis</title>
            </titleStmt>
            <publicationStmt>
                <publisher/>
                <availability status="unknown">
                    <licence/>
                </availability>
            </publicationStmt>
            <sourceDesc>
                <biblStruct>
                    <analytic>
                        <author>
                            <persName>
                                <forename type="first">Hideki</forename>
                                <surname>Takanashi</surname>
                            </persName>
                            <affiliation key="aff1">
                                <orgName type="department">Graduate School of Agricultural and Life Sciences</orgName>
                                <orgName type="institution">University of Tokyo</orgName>
                                <address>
                                    <postCode>113-8657</postCode>
                                    <settlement>Bunkyo-ku, Tokyo</settlement>
                                    <country key="JP">Japan</country>
                                </address>
                            </affiliation>
                        </author>
                        <author>
                            <persName>
                                <forename type="first">Hikari</forename>
                                <surname>Sumiyoshi</surname>
                            </persName>
                            <affiliation key="aff1">
                                <orgName type="department">Graduate School of Agricultural and Life Sciences</orgName>
                                <orgName type="institution">University of Tokyo</orgName>
                                <address>
                                    <postCode>113-8657</postCode>
                                    <settlement>Bunkyo-ku, Tokyo</settlement>
                                    <country key="JP">Japan</country>
                                </address>
                            </affiliation>
                        </author>
                        <author>
                            <persName>
                                <forename type="first">Mirai</forename>
                                <surname>Mogi</surname>
                            </persName>
                            <affiliation key="aff1">
                                <orgName type="department">Graduate School of Agricultural and Life Sciences</orgName>
                                <orgName type="institution">University of Tokyo</orgName>
                                <address>
                                    <postCode>113-8657</postCode>
                                    <settlement>Bunkyo-ku, Tokyo</settlement>
                                    <country key="JP">Japan</country>
                                </address>
                            </affiliation>
                        </author>
                        <author>
                            <persName>
                                <forename type="first">Yoshikazu</forename>
                                <surname>Hayashi</surname>
                            </persName>
                            <affiliation key="aff1">
                                <orgName type="department">Graduate School of Agricultural and Life Sciences</orgName>
                                <orgName type="institution">University of Tokyo</orgName>
                                <address>
                                    <postCode>113-8657</postCode>
                                    <settlement>Bunkyo-ku, Tokyo</settlement>
                                    <country key="JP">Japan</country>
                                </address>
                            </affiliation>
                        </author>
                        <author>
                            <persName>
                                <forename type="first">Takayuki</forename>
                                <surname>Ohnishi</surname>
                            </persName>
                            <affiliation key="aff1">
                                <orgName type="department">Graduate School of Agricultural and Life Sciences</orgName>
                                <orgName type="institution">University of Tokyo</orgName>
                                <address>
                                    <postCode>113-8657</postCode>
                                    <settlement>Bunkyo-ku, Tokyo</settlement>
                                    <country key="JP">Japan</country>
                                </address>
                            </affiliation>
                            <affiliation key="aff2">
                                <orgName type="department">Faculty of Agriculture</orgName>
                                <orgName type="institution">Utsunomiya University</orgName>
                                <address>
                                    <postCode>321-8505</postCode>
                                    <settlement>Utsunomioya</settlement>
                                    <region>Tochigi</region>
                                    <country key="JP">Japan</country>
                                </address>
                            </affiliation>
                        </author>
                        <author role="corresp" sequence="1">
                            <persName>
                                <forename type="first">Nobuhiro</forename>
                                <surname>Tsutsumi</surname>
                            </persName>
                        <contact>
                            <email>atsutsu@mail.ecc.u-tokyo.ac.jp</email>
                            <phone>+81-5841-5073</phone>							
                        </contact>							
                            <affiliation key="aff1">
                                <orgName type="department">Graduate School of Agricultural and Life Sciences</orgName>
                                <orgName type="institution">University of Tokyo</orgName>
                                <address>
                                    <postCode>113-8657</postCode>
                                    <settlement>Bunkyo-ku, Tokyo</settlement>
                                    <country key="JP">Japan</country>
                                </address>
                            </affiliation>
                        </author>
                        <title level="a" type="main">Title miRNAs control HAM1 functions at the single-cell-layer level and are essential for normal embryogenesis in Arabidopsis</title>
                    </analytic>
                    <monogr>
                        <imprint>
                            <date/>
                        </imprint>
                    </monogr>
                    <note>Affiliations * Corresponding author; Funding This research was supported by Grants-in-Aid for Scientific Research on Priority Areas (Grant 18075005 to N.T.) and Exploratory Research (Grant 26660004 to H.T.) from the Ministry of Education, Culture, Sports, Science, and Technology of Japan. Key message miR171a controls HAM1 functions within the protodermal cells of the embryo, and these controls are essential for normal embryogenesis in Arabidopsis.</note>
                </biblStruct>
            </sourceDesc>
        </fileDesc>
        <profileDesc>
            <textClass>
                <keywords>
                    <term>Embryogenesis</term>
                    <term>HAM1/SCL27</term>
                    <term>miR171a</term>
                    <term>post-transcriptional regulation Introduction</term>
                </keywords>
            </textClass>
            <abstract>
                <p>Arabidopsis thaliana miR171a is known to bind to and cleave mRNAs of three HAIRY MERISTEM (HAM) genes that encode members of the GRAS family transcriptional regulators. The molecular functions of the HAM genes are still being elucidated in Arabidopsis. However, detailed expression patterns of miR171a and the effects of the failure of miR171a to suppress HAM genes were unknown till now. Here, we show the detailed expression patterns of miR171a and HAM1 using green fluorescent protein (GFP) and confocal scanning microscopy. Our observations revealed that miR171a was expressed in the surface cell layer of the embryo and shoot apical meristem, and it controlled HAM1 functions. To determine the impact of the failure of miR171a to suppress of HAM1, we introduced seven synonymous mutations into the miR171a target site of the HAM1 gene (modified HAM1, mHAM1) and generated transgenic plants that had mHAM1 driven by HAM1 native promoter. The mHAM1 transgenic plants showed organogenic defects. These results indicate that the control of HAM1 functions at the single-cell-layer level by miR171a is essential for proper organ formation in Arabidopsis.</p>
            </abstract>
        </profileDesc>
    </teiHeader>
    <text xml:lang="en"></text>
</TEI>

